model,mae_mean,mae_std,rmse_mean,r2_mean,spearman_mean
gradient_boosting,30.5609,1.8755,41.9980,0.6987,0.8161
linear,32.9151,1.1863,47.0035,0.6195,0.7955
mean,59.3881,2.1174,76.9062,-0.0074,0.0000
random_forest,29.4838,1.7884,40.7330,0.7170,0.8284
ridge_lambda_0.01,32.8924,1.2026,46.9812,0.6199,0.7956
ridge_lambda_0.1,32.8134,1.2623,46.8563,0.6221,0.7959
ridge_lambda_1.0,32.5187,1.3971,46.2507,0.6324,0.7980
ridge_lambda_10.0,31.4940,1.3918,44.4868,0.6610,0.8071
svr,29.8290,1.0090,44.0807,0.6679,0.8198
