dianhydride,diamine,build_status,smiles,predicted_tg_k,predicted_tg_c,interval_k,ct_risk,transparent_proxy,synthesizable,synth_issues,max_train_tanimoto,novel
PMDA,ODA,ok,O=c1c2cc3c(=O)n4c(=O)c3cc2c(=O)n1-c1ccc(cc1)Oc1ccc-4cc1,583.1341341718816,309.9841341718816,108.29048866254463,3.0,False,True,,1.0,False
BPDA,ODA,ok,O=C1c2ccc3cc2C(=O)N1c1ccc(cc1)Oc1ccc(cc1)N1C(=O)c2ccc-3cc2C1=O,537.7035200151895,264.5535200151895,108.29048866254463,4.0,False,True,,1.0,False
ODPA,ODA,ok,O=C1c2ccc3cc2c(=O)n1c1ccc(cc1)oc1ccc(cc1)n1c(=O)c2cc(ccc2C1=O)o3,492.4944794550483,219.34447945504832,108.29048866254463,4.0,False,True,,1.0,False
BTDA,ODA,ok,O=C1c2ccc3c(c2)C(=O)N(C3=O)c2ccc(cc2)Oc2ccc(cc2)N2C(=O)c3ccc1cc3C2=O,552.6848075759289,279.5348075759289,108.29048866254463,4.0,False,True,,1.0,False
6FDA,ODA,ok,O=C1c2ccc3cc2C(=O)N1c1ccc(cc1)Oc1ccc(cc1)N1C(=O)c2ccc(cc2C1=O)C3(C(F)(F)F)C(F)(F)F,546.4749291870129,273.3249291870129,108.29048866254463,0.0,True,True,,1.0,False
DSDA,ODA,ok,O=C1c2ccc3cc2C(=O)N1c1ccc(cc1)Oc1ccc(cc1)N1C(=O)c2ccc(cc2C1=O)S3(=O)=O,540.6890348987275,267.53903489872755,108.29048866254463,3.0,False,True,,1.0,False
HPMDA,ODA,ok,O=C1C2CC3C(=O)N4C(=O)C3CC2C(=O)N1c1ccc(cc1)Oc1ccc4cc1,512.0346275420811,238.88462754208115,108.29048866254463,0.0,True,True,,0.75,True
BCDA,ODA,ok,O=C1C2C=CC3C(=O)N1c1ccc(cc1)Oc1ccc(cc1)N1C(=O)C2C3C1=O,551.2825227717644,278.13252277176446,108.29048866254463,0.0,True,False,dianhydride:sa_score>4.5,0.6176470588235294,True
CBDA,ODA,ok,O=C1C2C3C(=O)N1c1ccc(cc1)Oc1ccc(cc1)N1C(=O)C2C3C1=O,527.4102603191478,254.26026031914785,108.29048866254463,0.0,True,True,,0.7241379310344828,True
BPADA,ODA,ok,CC1(C)c2ccc(cc2)Oc2ccc3c(c2)C(=O)N(C3=O)c2ccc(cc2)Oc2ccc(cc2)N2C(=O)c3ccc(cc3C2=O)Oc2ccc1cc2,499.2340566954339,226.0840566954339,108.29048866254463,6.0,False,True,,1.0,False
HQDPA,ODA,ok,O=C1c2ccc3cc2C(=O)N1c1ccc(cc1)Oc1ccc(cc1)N1C(=O)c2ccc(cc2C1=O)Oc1ccc(cc1)O3,516.9381050505588,243.78810505055878,108.29048866254463,5.0,False,True,,1.0,False
NTDA,ODA,ok,O=c1c(=O)n2c(=O)c3ccc4c(=O)n(c(=O)c5ccc1c4c35)-c1ccc(cc1)Oc1ccc-2cc1,562.5937748464146,289.4437748464146,108.29048866254463,6.0,False,True,,0.6451612903225806,True
PMDA,PDA,ok,O=c1c2cc3c(=O)n4c(=O)c3cc2c(=O)n1-c1ccc-4cc1,660.3987205503882,387.24872055038827,108.29048866254463,2.0,False,True,,1.0,False
BPDA,PDA,ok,O=C1c2ccc3cc2c(=O)n1c1ccc(cc1)n1c(=O)c2cc3ccc2C1=O,593.5133495308795,320.36334953087953,108.29048866254463,3.0,False,True,,1.0,False
ODPA,PDA,ok,O=C1c2ccc3cc2C(=O)N1c1ccc(cc1)N1C(=O)c2ccc(cc2C1=O)O3,564.4685842840472,291.31858428404723,108.29048866254463,3.0,False,True,,1.0,False
BTDA,PDA,ok,O=C1c2ccc3cc2c(=O)n1c1ccc(cc1)n1c(=O)c2cc(ccc2C1=O)c3=O,598.2660365766224,325.1160365766224,108.29048866254463,3.0,False,True,,1.0,False
6FDA,PDA,ok,O=C1c2ccc3cc2C(=O)N1c1ccc(cc1)N1C(=O)c2ccc(cc2C1=O)C3(C(F)(F)F)C(F)(F)F,607.8657440599943,334.71574405999434,108.29048866254463,-1.0,True,True,,1.0,False
DSDA,PDA,ok,O=C1c2ccc3cc2C(=O)N1c1ccc(cc1)N1C(=O)c2ccc(cc2C1=O)S3(=O)=O,630.1204417464863,356.97044174648636,108.29048866254463,2.0,False,True,,0.8125,True
HPMDA,PDA,ok,O=C1C2CC3C(=O)N4C(=O)C3CC2C(=O)N1c1ccc4cc1,538.4107523632167,265.26075236321674,108.29048866254463,-1.0,True,True,,0.5806451612903226,True
BCDA,PDA,ok,O=C1C2C=CC3C(=O)N1c1ccc(cc1)N1C(=O)C2C3C1=O,577.836918892685,304.68691889268507,108.29048866254463,-1.0,True,False,dianhydride:sa_score>4.5,0.48484848484848486,True
CBDA,PDA,ok,O=C1C2C3C(=O)N1c1ccc(cc1)N1C(=O)C2C3C1=O,571.2387635486848,298.0887635486848,108.29048866254463,-1.0,True,True,,0.5357142857142857,True
BPADA,PDA,ok,CC1(C)c2ccc(cc2)Oc2ccc3c(c2)C(=O)N(C3=O)c2ccc(cc2)N2C(=O)c3ccc(cc3C2=O)Oc2ccc1cc2,499.2340566954339,226.0840566954339,108.29048866254463,5.0,False,True,,1.0,False
HQDPA,PDA,ok,O=C1c2ccc3cc2c(=O)n1c1ccc(cc1)n1c(=O)c2cc(ccc2C1=O)oc1ccc(cc1)o3,492.4944794550483,219.34447945504832,108.29048866254463,4.0,False,True,,1.0,False
NTDA,PDA,ok,O=c1c(=O)n2c(=O)c3ccc4c(=O)n(c(=O)c5ccc1c4c35)-c1ccc-2cc1,626.4868701703417,353.33687017034174,108.29048866254463,5.0,False,True,,0.56,True
PMDA,mPDA,ok,O=c1c2cc3c(=O)n4c(=O)c3cc2c(=O)n1c1cccc4c1,655.8241678919372,382.67416789193726,108.29048866254463,2.0,False,True,,1.0,False
BPDA,mPDA,ok,O=C1c2ccc3cc2C(=O)N1c1cccc(c1)N1C(=O)c2ccc-3cc2C1=O,583.136315877159,309.986315877159,108.29048866254463,3.0,False,True,,1.0,False
ODPA,mPDA,ok,O=C1c2ccc3cc2C(=O)N1c1cccc(c1)N1C(=O)c2ccc(cc2C1=O)O3,522.9112275183422,249.76122751834225,108.29048866254463,3.0,False,True,,1.0,False
BTDA,mPDA,ok,O=C1c2ccc3c(c2)C(=O)N(C3=O)c2cccc(c2)N2C(=O)c3ccc1cc3C2=O,576.7833697411512,303.6333697411512,108.29048866254463,3.0,False,True,,1.0,False
6FDA,mPDA,ok,O=C1c2ccc3cc2C(=O)N1c1cccc(c1)N1C(=O)c2ccc(cc2C1=O)C3(C(F)(F)F)C(F)(F)F,580.0482190994966,306.8982190994966,108.29048866254463,-1.0,True,True,,1.0,False
DSDA,mPDA,ok,O=C1c2ccc3cc2C(=O)N1c1cccc(c1)N1C(=O)c2ccc(cc2C1=O)S3(=O)=O,577.3051290485781,304.15512904857815,108.29048866254463,2.0,False,True,,0.7105263157894737,True
HPMDA,mPDA,ok,O=C1C2CC3C(=O)N4C(=O)C3CC2C(=O)N1c1cccc4c1,545.6400188057272,272.49001880572723,108.29048866254463,-1.0,True,True,,0.7333333333333333,True
BCDA,mPDA,ok,O=C1C2C=CC3C(=O)N1c1cccc(c1)N1C(=O)C2C3C1=O,573.587971328363,300.437971328363,108.29048866254463,-1.0,True,False,dianhydride:sa_score>4.5,0.5135135135135135,True
CBDA,mPDA,ok,O=C1C2C3C(=O)N1c1cccc(c1)N1C(=O)C2C3C1=O,565.5645420505824,292.41454205058244,108.29048866254463,-1.0,True,True,,0.5454545454545454,True
BPADA,mPDA,ok,CC1(C)c2ccc(cc2)Oc2ccc3c(c2)C(=O)N(C3=O)c2cccc(c2)N2C(=O)c3ccc(cc3C2=O)Oc2ccc1cc2,505.38026442942527,232.2302644294253,108.29048866254463,5.0,False,True,,1.0,False
HQDPA,mPDA,ok,O=C1c2ccc3cc2C(=O)N1c1cccc(c1)N1C(=O)c2ccc(cc2C1=O)Oc1ccc(cc1)O3,513.5420996987062,240.39209969870626,108.29048866254463,4.0,False,True,,1.0,False
NTDA,mPDA,ok,O=c1c(=O)n2c(=O)c3ccc4c(=O)n(c(=O)c5ccc1c4c35)c1cccc2c1,617.8404053940386,344.69040539403863,108.29048866254463,5.0,False,True,,0.6428571428571429,True
PMDA,MDA,ok,O=c1c2cc3c(=O)n4c(=O)c3cc2c(=O)n1-c1ccc(cc1)Cc1ccc-4cc1,615.0752023061107,341.9252023061107,108.29048866254463,3.0,False,True,,1.0,False
BPDA,MDA,ok,O=C1c2ccc3cc2C(=O)N1c1ccc(cc1)Cc1ccc(cc1)N1C(=O)c2ccc-3cc2C1=O,586.7590361610628,313.6090361610628,108.29048866254463,4.0,False,True,,1.0,False
ODPA,MDA,ok,O=C1c2ccc3cc2C(=O)N1c1ccc(cc1)Cc1ccc(cc1)N1C(=O)c2ccc(cc2C1=O)O3,540.3304405582786,267.18044055827863,108.29048866254463,4.0,False,True,,1.0,False
BTDA,MDA,ok,O=C1c2ccc3c(c2)C(=O)N(C3=O)c2ccc(cc2)Cc2ccc(cc2)N2C(=O)c3ccc1cc3C2=O,589.3552098464886,316.20520984648863,108.29048866254463,4.0,False,True,,1.0,False
6FDA,MDA,ok,O=C1c2ccc3cc2C(=O)N1c1ccc(cc1)Cc1ccc(cc1)N1C(=O)c2ccc(cc2C1=O)C3(C(F)(F)F)C(F)(F)F,579.0797671199924,305.92976711999245,108.29048866254463,0.0,True,True,,1.0,False
DSDA,MDA,ok,O=C1c2ccc3cc2C(=O)N1c1ccc(cc1)Cc1ccc(cc1)N1C(=O)c2ccc(cc2C1=O)S3(=O)=O,603.1467301290709,329.9967301290709,108.29048866254463,3.0,False,True,,1.0,False
HPMDA,MDA,ok,O=C1C2CC3C(=O)N4C(=O)C3CC2C(=O)N1c1ccc(cc1)Cc1ccc4cc1,535.4798373160605,262.32983731606055,108.29048866254463,0.0,True,True,,0.7419354838709677,True
BCDA,MDA,ok,O=C1C2C=CC3C(=O)N1c1ccc(cc1)Cc1ccc(cc1)N1C(=O)C2C3C1=O,519.3969665341301,246.24696653413014,108.29048866254463,0.0,True,False,dianhydride:sa_score>4.5,0.6363636363636364,True
CBDA,MDA,ok,O=C1C2C3C(=O)N1c1ccc(cc1)Cc1ccc(cc1)N1C(=O)C2C3C1=O,513.8882940935164,240.7382940935164,108.29048866254463,0.0,True,True,,0.75,True
BPADA,MDA,ok,CC1(C)c2ccc(cc2)Oc2ccc3c(c2)C(=O)N(C3=O)c2ccc(cc2)Cc2ccc(cc2)N2C(=O)c3ccc(cc3C2=O)Oc2ccc1cc2,497.6988252709642,224.54882527096424,108.29048866254463,6.0,False,True,,1.0,False
HQDPA,MDA,ok,O=C1c2ccc3cc2C(=O)N1c1ccc(cc1)Cc1ccc(cc1)N1C(=O)c2ccc(cc2C1=O)Oc1ccc(cc1)O3,520.0564847236367,246.9064847236367,108.29048866254463,5.0,False,True,,1.0,False
NTDA,MDA,ok,O=c1c(=O)n2c(=O)c3ccc4c(=O)n(c(=O)c5ccc1c4c35)-c1ccc(cc1)Cc1ccc-2cc1,569.8663231155532,296.7163231155532,108.29048866254463,6.0,False,True,,0.6451612903225806,True
PMDA,TFMB,ok,O=c1c2cc3c(=O)n4c(=O)c3cc2c(=O)n1-c1ccc(c(C(F)(F)F)c1)-c1ccc-4cc1C(F)(F)F,633.2019503144522,360.05195031445226,108.29048866254463,-1.0,True,True,,1.0,False
BPDA,TFMB,ok,O=C1c2ccc3cc2c(=O)n1c1ccc(c(C(F)(F)F)c1)c1ccc(cc1C(F)(F)F)n1c(=O)c2cc3ccc2C1=O,570.7421543050892,297.59215430508925,108.29048866254463,0.0,True,True,,1.0,False
ODPA,TFMB,ok,O=C1c2ccc3cc2C(=O)N1c1ccc(c(C(F)(F)F)c1)-c1ccc(cc1C(F)(F)F)N1C(=O)c2ccc(cc2C1=O)O3,547.7302913437724,274.5802913437724,108.29048866254463,0.0,True,True,,1.0,False
BTDA,TFMB,ok,O=C1c2ccc3cc2c(=O)n1c1ccc(c(C(F)(F)F)c1)c1ccc(cc1C(F)(F)F)n1c(=O)c2cc(ccc2C1=O)c3=O,568.7862110335133,295.6362110335133,108.29048866254463,0.0,True,True,,0.8947368421052632,True
6FDA,TFMB,ok,O=C1c2ccc3cc2C(=O)N1c1ccc(c(C(F)(F)F)c1)-c1ccc(cc1C(F)(F)F)N1C(=O)c2ccc(cc2C1=O)C3(C(F)(F)F)C(F)(F)F,611.6413036095532,338.49130360955326,108.29048866254463,-4.0,True,True,,1.0,False
DSDA,TFMB,ok,O=C1c2ccc3cc2C(=O)N1c1ccc(c(C(F)(F)F)c1)-c1ccc(cc1C(F)(F)F)N1C(=O)c2ccc(cc2C1=O)S3(=O)=O,600.9353560334866,327.78535603348666,108.29048866254463,-1.0,True,True,,1.0,False
HPMDA,TFMB,ok,O=C1C2CC3C(=O)N4C(=O)C3CC2C(=O)N1c1ccc(c(C(F)(F)F)c1)-c1ccc4cc1C(F)(F)F,540.2141502482216,267.0641502482216,108.29048866254463,-4.0,True,True,,0.5128205128205128,True
BCDA,TFMB,ok,O=C1C2C=CC3C(=O)N1c1ccc(c(C(F)(F)F)c1)-c1ccc(cc1C(F)(F)F)N1C(=O)C2C3C1=O,570.3865372024169,297.2365372024169,108.29048866254463,-4.0,True,False,dianhydride:sa_score>4.5,0.5,True
CBDA,TFMB,ok,O=C1C2C3C(=O)N1c1ccc(c(C(F)(F)F)c1)-c1ccc(cc1C(F)(F)F)N1C(=O)C2C3C1=O,564.912131964748,291.76213196474805,108.29048866254463,-4.0,True,True,,0.5555555555555556,True
BPADA,TFMB,ok,CC1(C)c2ccc(cc2)Oc2ccc3c(c2)C(=O)N(C3=O)c2ccc(c(C(F)(F)F)c2)-c2ccc(cc2C(F)(F)F)N2C(=O)c3ccc(cc3C2=O)Oc2ccc1cc2,492.8794442036124,219.72944420361245,108.29048866254463,2.0,False,True,,0.7906976744186046,True
HQDPA,TFMB,ok,O=C1c2ccc3cc2c(=O)n1c1ccc(c(C(F)(F)F)c1)c1ccc(cc1C(F)(F)F)n1c(=O)c2cc(ccc2C1=O)oc1ccc(cc1)o3,470.4752376458505,197.3252376458505,108.29048866254463,1.0,True,True,,0.7291666666666666,True
NTDA,TFMB,ok,O=c1c(=O)n2c(=O)c3ccc4c(=O)n(c(=O)c5ccc1c4c35)-c1ccc(c(C(F)(F)F)c1)-c1ccc-2cc1C(F)(F)F,598.8208212915315,325.6708212915315,108.29048866254463,2.0,False,True,,0.7222222222222222,True
PMDA,BAPS,ok,O=c1c2cc3c(=O)n4c(=O)c3cc2c(=O)n1-c1ccc(cc1)S(=O)(=O)c1ccc-4cc1,642.2852990956352,369.1352990956352,108.29048866254463,2.0,False,True,,1.0,False
BPDA,BAPS,ok,O=C1c2ccc3cc2C(=O)N1c1ccc(cc1)S(=O)(=O)c1ccc(cc1)N1C(=O)c2ccc-3cc2C1=O,620.8513281808756,347.70132818087563,108.29048866254463,3.0,False,True,,1.0,False
ODPA,BAPS,ok,O=C1c2ccc3cc2C(=O)N1c1ccc(cc1)S(=O)(=O)c1ccc(cc1)N1C(=O)c2ccc(cc2C1=O)O3,557.0770709602393,283.92707096023935,108.29048866254463,3.0,False,True,,1.0,False
BTDA,BAPS,ok,O=C1c2ccc3c(c2)C(=O)N(C3=O)c2ccc(cc2)S(=O)(=O)c2ccc(cc2)N2C(=O)c3ccc1cc3C2=O,614.4070485749696,341.25704857496964,108.29048866254463,3.0,False,True,,0.875,True
6FDA,BAPS,ok,O=C1c2ccc3cc2C(=O)N1c1ccc(cc1)S(=O)(=O)c1ccc(cc1)N1C(=O)c2ccc(cc2C1=O)C3(C(F)(F)F)C(F)(F)F,606.638782058125,333.488782058125,108.29048866254463,-1.0,True,True,,1.0,False
DSDA,BAPS,ok,O=C1c2ccc3cc2C(=O)N1c1ccc(cc1)S(=O)(=O)c1ccc(cc1)N1C(=O)c2ccc(cc2C1=O)S3(=O)=O,623.1813511281163,350.0313511281163,108.29048866254463,2.0,False,True,,0.8181818181818182,True
HPMDA,BAPS,ok,O=C1C2CC3C(=O)N4C(=O)C3CC2C(=O)N1c1ccc(cc1)S(=O)(=O)c1ccc4cc1,545.1174272132461,271.9674272132461,108.29048866254463,-1.0,True,True,,0.6410256410256411,True
BCDA,BAPS,ok,O=C1C2C=CC3C(=O)N1c1ccc(cc1)S(=O)(=O)c1ccc(cc1)N1C(=O)C2C3C1=O,580.6072149333414,307.45721493334145,108.29048866254463,-1.0,True,False,dianhydride:sa_score>4.5,0.43478260869565216,True
CBDA,BAPS,ok,O=C1C2C3C(=O)N1c1ccc(cc1)S(=O)(=O)c1ccc(cc1)N1C(=O)C2C3C1=O,574.923739525506,301.773739525506,108.29048866254463,-1.0,True,True,,0.4878048780487805,True
BPADA,BAPS,ok,CC1(C)c2ccc(cc2)Oc2ccc3c(c2)C(=O)N(C3=O)c2ccc(cc2)S(=O)(=O)c2ccc(cc2)N2C(=O)c3ccc(cc3C2=O)Oc2ccc1cc2,503.09663521648326,229.9466352164833,108.29048866254463,5.0,False,True,,1.0,False
HQDPA,BAPS,ok,O=C1c2ccc3cc2C(=O)N1c1ccc(cc1)S(=O)(=O)c1ccc(cc1)N1C(=O)c2ccc(cc2C1=O)Oc1ccc(cc1)O3,516.9819608409367,243.83196084093674,108.29048866254463,4.0,False,True,,1.0,False
NTDA,BAPS,ok,O=c1c(=O)n2c(=O)c3ccc4c(=O)n(c(=O)c5ccc1c4c35)-c1ccc(cc1)S(=O)(=O)c1ccc-2cc1,610.8663950701737,337.7163950701737,108.29048866254463,5.0,False,True,,0.65625,True
PMDA,DDS33,ok,O=c1c2cc3c(=O)n4c(=O)c3cc2c(=O)n1-c1cccc(c1)S(=O)(=O)c1cccc-4c1,621.657122997103,348.507122997103,108.29048866254463,2.0,False,True,,1.0,False
BPDA,DDS33,ok,O=C1c2ccc3cc2C(=O)N1c1cccc(c1)S(=O)(=O)c1cccc(c1)N1C(=O)c2ccc-3cc2C1=O,557.9332049999547,284.7832049999547,108.29048866254463,3.0,False,True,,0.8857142857142857,True
ODPA,DDS33,ok,O=C1c2ccc3cc2C(=O)N1c1cccc(c1)S(=O)(=O)c1cccc(c1)N1C(=O)c2ccc(cc2C1=O)O3,517.9627291960626,244.8127291960626,108.29048866254463,3.0,False,True,,1.0,False
BTDA,DDS33,ok,O=C1c2ccc3c(c2)C(=O)N(C3=O)c2cccc(c2)S(=O)(=O)c2cccc(c2)N2C(=O)c3ccc1cc3C2=O,558.7267193608974,285.5767193608974,108.29048866254463,3.0,False,True,,1.0,False
6FDA,DDS33,ok,O=C1c2ccc3cc2C(=O)N1c1cccc(c1)S(=O)(=O)c1cccc(c1)N1C(=O)c2ccc(cc2C1=O)C3(C(F)(F)F)C(F)(F)F,557.1996522823392,284.04965228233925,108.29048866254463,-1.0,True,True,,1.0,False
DSDA,DDS33,ok,O=C1c2ccc3cc2C(=O)N1c1cccc(c1)S(=O)(=O)c1cccc(c1)N1C(=O)c2ccc(cc2C1=O)S3(=O)=O,540.8684739927493,267.7184739927493,108.29048866254463,2.0,False,True,,0.7777777777777778,True
HPMDA,DDS33,ok,O=C1C2CC3C(=O)N4C(=O)C3CC2C(=O)N1c1cccc(c1)S(=O)(=O)c1cccc4c1,529.5107503286371,256.3607503286371,108.29048866254463,-1.0,True,True,,0.5526315789473685,True
BCDA,DDS33,ok,O=C1C2C=CC3C(=O)N1c1cccc(c1)S(=O)(=O)c1cccc(c1)N1C(=O)C2C3C1=O,546.8224376646322,273.6724376646322,108.29048866254463,-1.0,True,False,dianhydride:sa_score>4.5,0.475,True
CBDA,DDS33,ok,O=C1C2C3C(=O)N1c1cccc(c1)S(=O)(=O)c1cccc(c1)N1C(=O)C2C3C1=O,541.0904687374074,267.9404687374074,108.29048866254463,-1.0,True,True,,0.5428571428571428,True
BPADA,DDS33,ok,CC1(C)c2ccc(cc2)Oc2ccc3c(c2)C(=O)N(C3=O)c2cccc(c2)S(=O)(=O)c2cccc(c2)N2C(=O)c3ccc(cc3C2=O)Oc2ccc1cc2,502.5459612262513,229.3959612262513,108.29048866254463,5.0,False,True,,0.8,True
HQDPA,DDS33,ok,O=C1c2ccc3cc2C(=O)N1c1cccc(c1)S(=O)(=O)c1cccc(c1)N1C(=O)c2ccc(cc2C1=O)Oc1ccc(cc1)O3,510.6088524851185,237.45885248511854,108.29048866254463,4.0,False,True,,0.9722222222222222,True
NTDA,DDS33,ok,O=c1c(=O)n2c(=O)c3ccc4c(=O)n(c(=O)c5ccc1c4c35)-c1cccc(c1)S(=O)(=O)c1cccc-2c1,594.3792970427518,321.2292970427518,108.29048866254463,5.0,False,True,,0.7142857142857143,True
PMDA,BAPP,ok,CC1(C)c2ccc(cc2)-n2c(=O)c3cc4c(=O)n(c(=O)c4cc3c2=O)-c2ccc1cc2,637.0055567763368,363.8555567763368,108.29048866254463,3.0,False,True,,0.8,True
BPDA,BAPP,ok,CC1(C)c2ccc(cc2)N2C(=O)c3ccc(cc3C2=O)-c2ccc3c(c2)C(=O)N(C3=O)c2ccc1cc2,589.9504318027891,316.80043180278915,108.29048866254463,4.0,False,True,,0.8787878787878788,True
ODPA,BAPP,ok,CC1(C)c2ccc(cc2)N2C(=O)c3ccc(cc3C2=O)Oc2ccc3c(c2)C(=O)N(C3=O)c2ccc1cc2,527.808837159034,254.65883715903408,108.29048866254463,4.0,False,True,,1.0,False
BTDA,BAPP,ok,CC1(C)c2ccc(cc2)N2C(=O)c3ccc(cc3C2=O)C(=O)c2ccc3c(c2)C(=O)N(C3=O)c2ccc1cc2,590.5582422624927,317.40824226249276,108.29048866254463,4.0,False,True,,1.0,False
6FDA,BAPP,ok,CC1(C)c2ccc(cc2)N2C(=O)c3ccc(cc3C2=O)C(C(F)(F)F)(C(F)(F)F)c2ccc3c(c2)C(=O)N(C3=O)c2ccc1cc2,555.8226114788366,282.67261147883664,108.29048866254463,0.0,True,True,,1.0,False
DSDA,BAPP,ok,CC1(C)c2ccc(cc2)N2C(=O)c3ccc(cc3C2=O)S(=O)(=O)c2ccc3c(c2)C(=O)N(C3=O)c2ccc1cc2,587.4526133143074,314.30261331430745,108.29048866254463,3.0,False,True,,0.7441860465116279,True
HPMDA,BAPP,ok,CC1(C)c2ccc(cc2)N2C(=O)C3CC4C(=O)N(C(=O)C4CC3C2=O)c2ccc1cc2,514.9850064560947,241.83500645609467,108.29048866254463,0.0,True,True,,0.65,True
BCDA,BAPP,ok,CC1(C)c2ccc(cc2)N2C(=O)C3C=CC(C2=O)C2C(=O)N(C(=O)C32)c2ccc1cc2,561.9308122935594,288.7808122935594,108.29048866254463,0.0,True,False,dianhydride:sa_score>4.5,0.5476190476190477,True
CBDA,BAPP,ok,CC1(C)c2ccc(cc2)N2C(=O)C3C(C2=O)C2C(=O)N(C(=O)C32)c2ccc1cc2,556.4278145222502,283.2778145222502,108.29048866254463,0.0,True,True,,0.6216216216216216,True
BPADA,BAPP,ok,CC1(C)c2ccc(cc2)Oc2ccc3c(c2)C(=O)N(C3=O)c2ccc(cc2)C(C)(C)c2ccc(cc2)N2C(=O)c3ccc(cc3C2=O)Oc2ccc1cc2,499.2340566954339,226.0840566954339,108.29048866254463,6.0,False,True,,1.0,False
HQDPA,BAPP,ok,CC1(C)c2ccc(cc2)N2C(=O)c3ccc(cc3C2=O)Oc2ccc(cc2)Oc2ccc3c(c2)C(=O)N(C3=O)c2ccc1cc2,499.2340566954339,226.0840566954339,108.29048866254463,5.0,False,True,,1.0,False
NTDA,BAPP,ok,CC1(C)c2ccc(cc2)-n2c(=O)c(=O)c3ccc4c(=O)n(c(=O)c5ccc(c2=O)c4c35)-c2ccc1cc2,607.3779279215854,334.22792792158543,108.29048866254463,6.0,False,True,,0.5526315789473685,True
PMDA,6FpDA,ok,O=c1c2cc3c(=O)n4c(=O)c3cc2c(=O)n1-c1ccc(cc1)C(C(F)(F)F)(C(F)(F)F)c1ccc-4cc1,649.9001074104151,376.7501074104151,108.29048866254463,-1.0,True,True,,1.0,False
BPDA,6FpDA,ok,O=C1c2ccc3cc2C(=O)N1c1ccc(cc1)C(C(F)(F)F)(C(F)(F)F)c1ccc(cc1)N1C(=O)c2ccc-3cc2C1=O,610.2485288719781,337.09852887197815,108.29048866254463,0.0,True,True,,1.0,False
ODPA,6FpDA,ok,O=C1c2ccc3cc2C(=O)N1c1ccc(cc1)C(C(F)(F)F)(C(F)(F)F)c1ccc(cc1)N1C(=O)c2ccc(cc2C1=O)O3,557.0861277141105,283.9361277141105,108.29048866254463,0.0,True,True,,1.0,False
BTDA,6FpDA,ok,O=C1c2ccc3c(c2)C(=O)N(C3=O)c2ccc(cc2)C(C(F)(F)F)(C(F)(F)F)c2ccc(cc2)N2C(=O)c3ccc1cc3C2=O,601.564036154704,328.41403615470404,108.29048866254463,0.0,True,True,,1.0,False
6FDA,6FpDA,ok,O=C1c2ccc3cc2C(=O)N1c1ccc(cc1)C(C(F)(F)F)(C(F)(F)F)c1ccc(cc1)N1C(=O)c2ccc(cc2C1=O)C3(C(F)(F)F)C(F)(F)F,604.6571750976038,331.50717509760386,108.29048866254463,-4.0,True,True,,1.0,False
DSDA,6FpDA,ok,O=C1c2ccc3cc2C(=O)N1c1ccc(cc1)C(C(F)(F)F)(C(F)(F)F)c1ccc(cc1)N1C(=O)c2ccc(cc2C1=O)S3(=O)=O,617.5750766224729,344.42507662247294,108.29048866254463,-1.0,True,True,,0.85,True
HPMDA,6FpDA,ok,O=C1C2CC3C(=O)N4C(=O)C3CC2C(=O)N1c1ccc(cc1)C(C(F)(F)F)(C(F)(F)F)c1ccc4cc1,535.1300317950747,261.98003179507475,108.29048866254463,-4.0,True,True,,0.525,True
BCDA,6FpDA,ok,O=C1C2C=CC3C(=O)N1c1ccc(cc1)C(C(F)(F)F)(C(F)(F)F)c1ccc(cc1)N1C(=O)C2C3C1=O,576.4924972630488,303.3424972630488,108.29048866254463,-4.0,True,False,dianhydride:sa_score>4.5,0.5,True
CBDA,6FpDA,ok,O=C1C2C3C(=O)N1c1ccc(cc1)C(C(F)(F)F)(C(F)(F)F)c1ccc(cc1)N1C(=O)C2C3C1=O,564.5832020455324,291.4332020455324,108.29048866254463,-4.0,True,True,,0.5675675675675675,True
BPADA,6FpDA,ok,CC1(C)c2ccc(cc2)Oc2ccc3c(c2)C(=O)N(C3=O)c2ccc(cc2)C(C(F)(F)F)(C(F)(F)F)c2ccc(cc2)N2C(=O)c3ccc(cc3C2=O)Oc2ccc1cc2,501.8314643937092,228.68146439370923,108.29048866254463,2.0,False,True,,0.8863636363636364,True
HQDPA,6FpDA,ok,O=C1c2ccc3cc2C(=O)N1c1ccc(cc1)C(C(F)(F)F)(C(F)(F)F)c1ccc(cc1)N1C(=O)c2ccc(cc2C1=O)Oc1ccc(cc1)O3,515.3645015142563,242.2145015142563,108.29048866254463,1.0,True,True,,1.0,False
NTDA,6FpDA,ok,O=c1c(=O)n2c(=O)c3ccc4c(=O)n(c(=O)c5ccc1c4c35)-c1ccc(cc1)C(C(F)(F)F)(C(F)(F)F)c1ccc-2cc1,622.065984420001,348.915984420001,108.29048866254463,2.0,False,True,,0.6944444444444444,True
PMDA,APB,ok,O=c1c2cc3c(=O)n4c(=O)c3cc2c(=O)n1-c1cccc(c1)Oc1cccc(c1)Oc1cccc-4c1,495.4755486205678,222.32554862056782,108.29048866254463,4.0,False,True,,1.0,False
BPDA,APB,ok,O=C1c2ccc3cc2C(=O)N1c1cccc(c1)Oc1cccc(c1)Oc1cccc(c1)N1C(=O)c2ccc-3cc2C1=O,482.77566091060805,209.62566091060808,108.29048866254463,5.0,False,True,,1.0,False
ODPA,APB,ok,O=C1c2ccc3cc2C(=O)N1c1cccc(c1)Oc1cccc(c1)Oc1cccc(c1)N1C(=O)c2ccc(cc2C1=O)O3,467.4006388563754,194.25063885637542,108.29048866254463,5.0,False,True,,1.0,False
BTDA,APB,ok,O=C1c2ccc3c(c2)C(=O)N(C3=O)c2cccc(c2)Oc2cccc(c2)Oc2cccc(c2)N2C(=O)c3ccc1cc3C2=O,485.09833711204254,211.94833711204257,108.29048866254463,5.0,False,True,,1.0,False
6FDA,APB,ok,O=C1c2ccc3cc2C(=O)N1c1cccc(c1)Oc1cccc(c1)Oc1cccc(c1)N1C(=O)c2ccc(cc2C1=O)C3(C(F)(F)F)C(F)(F)F,503.3035243956144,230.1535243956144,108.29048866254463,1.0,True,True,,1.0,False
DSDA,APB,ok,O=C1c2ccc3cc2C(=O)N1c1cccc(c1)Oc1cccc(c1)Oc1cccc(c1)N1C(=O)c2ccc(cc2C1=O)S3(=O)=O,482.8483210991281,209.69832109912812,108.29048866254463,4.0,False,True,,0.775,True
HPMDA,APB,ok,O=C1C2CC3C(=O)N4C(=O)C3CC2C(=O)N1c1cccc(c1)Oc1cccc(c1)Oc1cccc4c1,455.33087392852985,182.18087392852988,108.29048866254463,1.0,True,True,,0.6486486486486487,True
BCDA,APB,ok,O=C1C2C=CC3C(=O)N1c1cccc(c1)Oc1cccc(c1)Oc1cccc(c1)N1C(=O)C2C3C1=O,480.06588050346136,206.91588050346138,108.29048866254463,1.0,True,False,dianhydride:sa_score>4.5,0.75,True
CBDA,APB,ok,O=C1C2C3C(=O)N1c1cccc(c1)Oc1cccc(c1)Oc1cccc(c1)N1C(=O)C2C3C1=O,458.6017781037964,185.4517781037964,108.29048866254463,1.0,True,True,,0.8125,True
BPADA,APB,ok,CC1(C)c2ccc(cc2)Oc2ccc3c(c2)C(=O)N(C3=O)c2cccc(c2)Oc2cccc(c2)Oc2cccc(c2)N2C(=O)c3ccc(cc3C2=O)Oc2ccc1cc2,485.8212202028647,212.67122020286473,108.29048866254463,7.0,False,True,,0.9,True
HQDPA,APB,ok,O=C1c2ccc3cc2C(=O)N1c1cccc(c1)Oc1cccc(c1)Oc1cccc(c1)N1C(=O)c2ccc(cc2C1=O)Oc1ccc(cc1)O3,467.56558323214244,194.41558323214247,108.29048866254463,6.0,False,True,,0.967741935483871,True
NTDA,APB,ok,O=c1c(=O)n2c(=O)c3ccc4c(=O)n(c(=O)c5ccc1c4c35)c1cccc(c1)oc1cccc(c1)oc1cccc2c1,525.4680790711594,252.31807907115945,108.29048866254463,7.0,False,True,,0.5641025641025641,True
PMDA,TPEQ,ok,O=c1c2cc3c(=O)n4c(=O)c3cc2c(=O)n1-c1ccc(cc1)Oc1ccc(cc1)Oc1ccc-4cc1,583.1341341718816,309.9841341718816,108.29048866254463,4.0,False,True,,1.0,False
BPDA,TPEQ,ok,O=C1c2ccc3cc2c(=O)n1c1ccc(cc1)oc1ccc(cc1)oc1ccc(cc1)n1c(=O)c2cc3ccc2C1=O,542.4004527231169,269.25045272311695,108.29048866254463,5.0,False,True,,1.0,False
ODPA,TPEQ,ok,O=C1c2ccc3cc2C(=O)N1c1ccc(cc1)Oc1ccc(cc1)Oc1ccc(cc1)N1C(=O)c2ccc(cc2C1=O)O3,516.9381050505588,243.78810505055878,108.29048866254463,5.0,False,True,,1.0,False
BTDA,TPEQ,ok,O=C1c2ccc3cc2c(=O)n1c1ccc(cc1)oc1ccc(cc1)oc1ccc(cc1)n1c(=O)c2cc(ccc2C1=O)c3=O,543.1465343997795,269.99653439977953,108.29048866254463,5.0,False,True,,0.9705882352941176,True
6FDA,TPEQ,ok,O=C1c2ccc3cc2C(=O)N1c1ccc(cc1)Oc1ccc(cc1)Oc1ccc(cc1)N1C(=O)c2ccc(cc2C1=O)C3(C(F)(F)F)C(F)(F)F,546.4749291870129,273.3249291870129,108.29048866254463,1.0,True,True,,1.0,False
DSDA,TPEQ,ok,O=C1c2ccc3cc2C(=O)N1c1ccc(cc1)Oc1ccc(cc1)Oc1ccc(cc1)N1C(=O)c2ccc(cc2C1=O)S3(=O)=O,540.6890348987275,267.53903489872755,108.29048866254463,4.0,False,True,,1.0,False
HPMDA,TPEQ,ok,O=C1C2CC3C(=O)N4C(=O)C3CC2C(=O)N1c1ccc(cc1)Oc1ccc(cc1)Oc1ccc4cc1,512.0346275420811,238.88462754208115,108.29048866254463,1.0,True,True,,0.75,True
BCDA,TPEQ,ok,O=C1C2C=CC3C(=O)N1c1ccc(cc1)Oc1ccc(cc1)Oc1ccc(cc1)N1C(=O)C2C3C1=O,551.2825227717644,278.13252277176446,108.29048866254463,1.0,True,False,dianhydride:sa_score>4.5,0.6176470588235294,True
CBDA,TPEQ,ok,O=C1C2C3C(=O)N1c1ccc(cc1)Oc1ccc(cc1)Oc1ccc(cc1)N1C(=O)C2C3C1=O,527.4102603191478,254.26026031914785,108.29048866254463,1.0,True,True,,0.7241379310344828,True
BPADA,TPEQ,ok,CC1(C)c2ccc(cc2)Oc2ccc3c(c2)C(=O)N(C3=O)c2ccc(cc2)Oc2ccc(cc2)Oc2ccc(cc2)N2C(=O)c3ccc(cc3C2=O)Oc2ccc1cc2,499.2340566954339,226.0840566954339,108.29048866254463,7.0,False,True,,1.0,False
HQDPA,TPEQ,ok,O=C1c2ccc3cc2c(=O)n1c1ccc(cc1)oc1ccc(cc1)oc1ccc(cc1)n1c(=O)c2cc(ccc2C1=O)oc1ccc(cc1)o3,492.4944794550483,219.34447945504832,108.29048866254463,6.0,False,True,,1.0,False
NTDA,TPEQ,ok,O=c1c(=O)n2c(=O)c3ccc4c(=O)n(c(=O)c5ccc1c4c35)-c1ccc(cc1)Oc1ccc(cc1)Oc1ccc-2cc1,562.5937748464146,289.4437748464146,108.29048866254463,7.0,False,True,,0.6451612903225806,True
PMDA,BAPB,ok,O=c1c2cc3c(=O)n4c(=O)c3cc2c(=O)n1-c1ccc(cc1)Oc1ccc(cc1)-c1ccc(cc1)Oc1ccc-4cc1,584.7542253642141,311.60422536421413,108.29048866254463,5.0,False,True,,1.0,False
BPDA,BAPB,ok,O=C1c2ccc3cc2c(=O)n1c1ccc(cc1)oc1ccc(cc1)c1ccc(cc1)oc1ccc(cc1)n1c(=O)c2cc3ccc2C1=O,539.4068107749202,266.25681077492027,108.29048866254463,6.0,False,True,,0.96875,True
ODPA,BAPB,ok,O=C1c2ccc3cc2C(=O)N1c1ccc(cc1)Oc1ccc(cc1)-c1ccc(cc1)Oc1ccc(cc1)N1C(=O)c2ccc(cc2C1=O)O3,507.67247603216066,234.52247603216068,108.29048866254463,6.0,False,True,,1.0,False
BTDA,BAPB,ok,O=C1c2ccc3cc2c(=O)n1c1ccc(cc1)oc1ccc(cc1)c1ccc(cc1)oc1ccc(cc1)n1c(=O)c2cc(ccc2C1=O)c3=O,541.2883757377646,268.1383757377646,108.29048866254463,6.0,False,True,,0.9714285714285714,True
6FDA,BAPB,ok,O=C1c2ccc3cc2C(=O)N1c1ccc(cc1)Oc1ccc(cc1)-c1ccc(cc1)Oc1ccc(cc1)N1C(=O)c2ccc(cc2C1=O)C3(C(F)(F)F)C(F)(F)F,542.412962589569,269.26296258956904,108.29048866254463,2.0,False,True,,1.0,False
DSDA,BAPB,ok,O=C1c2ccc3cc2C(=O)N1c1ccc(cc1)Oc1ccc(cc1)-c1ccc(cc1)Oc1ccc(cc1)N1C(=O)c2ccc(cc2C1=O)S3(=O)=O,533.0932450133803,259.9432450133803,108.29048866254463,5.0,False,True,,0.9142857142857143,True
HPMDA,BAPB,ok,O=C1C2CC3C(=O)N4C(=O)C3CC2C(=O)N1c1ccc(cc1)Oc1ccc(cc1)-c1ccc(cc1)Oc1ccc4cc1,516.1910497799153,243.04104977991528,108.29048866254463,2.0,False,True,,0.6857142857142857,True
BCDA,BAPB,ok,O=C1C2C=CC3C(=O)N1c1ccc(cc1)Oc1ccc(cc1)-c1ccc(cc1)Oc1ccc(cc1)N1C(=O)C2C3C1=O,551.6537188355383,278.5037188355383,108.29048866254463,2.0,False,False,dianhydride:sa_score>4.5,0.5675675675675675,True
CBDA,BAPB,ok,O=C1C2C3C(=O)N1c1ccc(cc1)Oc1ccc(cc1)-c1ccc(cc1)Oc1ccc(cc1)N1C(=O)C2C3C1=O,528.9363449540533,255.78634495405333,108.29048866254463,2.0,False,True,,0.65625,True
BPADA,BAPB,ok,CC1(C)c2ccc(cc2)Oc2ccc3c(c2)C(=O)N(C3=O)c2ccc(cc2)Oc2ccc(cc2)-c2ccc(cc2)Oc2ccc(cc2)N2C(=O)c3ccc(cc3C2=O)Oc2ccc1cc2,495.46792759314485,222.31792759314487,108.29048866254463,8.0,False,True,,1.0,False
HQDPA,BAPB,ok,O=C1c2ccc3cc2c(=O)n1c1ccc(cc1)oc1ccc(cc1)c1ccc(cc1)oc1ccc(cc1)n1c(=O)c2cc(ccc2C1=O)oc1ccc(cc1)o3,516.547840997506,243.39784099750602,108.29048866254463,7.0,False,True,,1.0,False
NTDA,BAPB,ok,O=c1c(=O)n2c(=O)c3ccc4c(=O)n(c(=O)c5ccc1c4c35)-c1ccc(cc1)Oc1ccc(cc1)-c1ccc(cc1)Oc1ccc-2cc1,565.8679354420365,292.7179354420365,108.29048866254463,8.0,False,True,,0.6764705882352942,True
PMDA,DMB,ok,Cc1cc2ccc1-c1ccc(c(C)c1)-n1c(=O)c3cc4c(=O)n-2c(=O)c4cc3c1=O,663.54930793574,390.39930793574,108.29048866254463,3.0,False,True,,0.6857142857142857,True
BPDA,DMB,ok,Cc1cc2ccc1c1ccc(c(C)c1)n1c(=O)c3cc(ccc3C1=O)c1ccc3c(c1)c(=O)n2C3=O,630.3397899212641,357.18978992126415,108.29048866254463,4.0,False,True,,0.7692307692307693,True
ODPA,DMB,ok,Cc1cc2ccc1-c1ccc(c(C)c1)N1C(=O)c3ccc(cc3C1=O)Oc1ccc3c(c1)C(=O)N2C3=O,575.1610081757062,302.01100817570625,108.29048866254463,4.0,False,True,,0.7317073170731707,True
BTDA,DMB,ok,Cc1cc2ccc1c1ccc(c(C)c1)n1c(=O)c3cc(ccc3C1=O)c(=O)c1ccc3c(c1)c(=O)n2C3=O,634.2529225171962,361.10292251719625,108.29048866254463,4.0,False,True,,0.7857142857142857,True
6FDA,DMB,ok,Cc1cc2ccc1-c1ccc(c(C)c1)N1C(=O)c3ccc(cc3C1=O)C(C(F)(F)F)(C(F)(F)F)c1ccc3c(c1)C(=O)N2C3=O,646.9286967449631,373.7786967449631,108.29048866254463,0.0,True,True,,0.8222222222222222,True
DSDA,DMB,ok,Cc1cc2ccc1-c1ccc(c(C)c1)N1C(=O)c3ccc(cc3C1=O)S(=O)(=O)c1ccc3c(c1)C(=O)N2C3=O,666.5275300085043,393.3775300085043,108.29048866254463,3.0,False,True,,0.6888888888888889,True
HPMDA,DMB,ok,Cc1cc2ccc1-c1ccc(c(C)c1)N1C(=O)C3CC4C(=O)N2C(=O)C4CC3C1=O,575.0072735686582,301.85727356865823,108.29048866254463,0.0,True,True,,0.42857142857142855,True
BCDA,DMB,ok,Cc1cc2ccc1-c1ccc(c(C)c1)N1C(=O)C3C4C=CC(C(=O)N2C4=O)C3C1=O,618.7702052494814,345.6202052494814,108.29048866254463,0.0,True,False,dianhydride:sa_score>4.5,0.3888888888888889,True
CBDA,DMB,ok,Cc1cc2ccc1-c1ccc(c(C)c1)N1C(=O)C3C4C(=O)N2C(=O)C4C3C1=O,613.4096481950486,340.2596481950486,108.29048866254463,0.0,True,True,,0.42857142857142855,True
BPADA,DMB,ok,Cc1cc2ccc1-c1ccc(c(C)c1)N1C(=O)c3ccc(cc3C1=O)Oc1ccc(cc1)C(C)(C)c1ccc(cc1)Oc1ccc3c(c1)C(=O)N2C3=O,525.7323902044328,252.58239020443284,108.29048866254463,6.0,False,True,,0.7,True
HQDPA,DMB,ok,Cc1cc2ccc1c1ccc(c(C)c1)n1c(=O)c3cc(ccc3C1=O)oc1ccc(cc1)oc1ccc3c(c1)c(=O)n2C3=O,541.0275336557337,267.8775336557337,108.29048866254463,5.0,False,True,,0.6538461538461539,True
NTDA,DMB,ok,Cc1cc2ccc1-c1ccc(c(C)c1)-n1c(=O)c(=O)c3ccc4c(=O)n-2c(=O)c2ccc(c1=O)c4c32,654.6122423997476,381.46224239974765,108.29048866254463,6.0,False,True,,0.5116279069767442,True
PMDA,TMB,ok,Cc1cc2c(C)cc1-c1c(C)cc(cc1C)-n1c(=O)c3cc4c(=O)n-2c(=O)c4cc3c1=O,646.2107702863914,373.0607702863914,108.29048866254463,3.0,False,True,,0.65625,True
BPDA,TMB,ok,Cc1cc2c(C)cc1c1c(C)cc(cc1C)n1c(=O)c3cc(ccc3C1=O)c1ccc3c(c1)c(=O)n2C3=O,617.4155947776319,344.2655947776319,108.29048866254463,4.0,False,True,,0.75,True
ODPA,TMB,ok,Cc1cc2c(C)cc1-c1c(C)cc(cc1C)N1C(=O)c3ccc(cc3C1=O)Oc1ccc3c(c1)C(=O)N2C3=O,578.1585552087836,305.0085552087836,108.29048866254463,4.0,False,True,,0.6666666666666666,True
BTDA,TMB,ok,Cc1cc2c(C)cc1c1c(C)cc(cc1C)n1c(=O)c3cc(ccc3C1=O)c(=O)c1ccc3c(c1)c(=O)n2C3=O,621.764190372956,348.61419037295605,108.29048866254463,4.0,False,True,,0.6744186046511628,True
6FDA,TMB,ok,Cc1cc2c(C)cc1-c1c(C)cc(cc1C)N1C(=O)c3ccc(cc3C1=O)C(C(F)(F)F)(C(F)(F)F)c1ccc3c(c1)C(=O)N2C3=O,638.0331936030257,364.8831936030257,108.29048866254463,0.0,True,True,,0.7777777777777778,True
DSDA,TMB,ok,Cc1cc2c(C)cc1-c1c(C)cc(cc1C)N1C(=O)c3ccc(cc3C1=O)S(=O)(=O)c1ccc3c(c1)C(=O)N2C3=O,682.7171018841575,409.5671018841575,108.29048866254463,3.0,False,True,,0.6666666666666666,True
HPMDA,TMB,ok,Cc1cc2c(C)cc1-c1c(C)cc(cc1C)N1C(=O)C3CC4C(=O)N2C(=O)C4CC3C1=O,540.4197933954515,267.26979339545153,108.29048866254463,0.0,True,True,,0.3673469387755102,True
BCDA,TMB,ok,Cc1cc2c(C)cc1-c1c(C)cc(cc1C)N1C(=O)C3C4C=CC(C(=O)N2C4=O)C3C1=O,617.137620697833,343.987620697833,108.29048866254463,0.0,True,False,dianhydride:sa_score>4.5,0.3269230769230769,True
CBDA,TMB,ok,Cc1cc2c(C)cc1-c1c(C)cc(cc1C)N1C(=O)C3C(C1=O)C1C(=O)N2C(=O)C31,613.7908057190514,340.6408057190514,108.29048866254463,0.0,True,True,,0.3617021276595745,True
BPADA,TMB,ok,Cc1cc2c(C)cc1-c1c(C)cc(cc1C)N1C(=O)c3ccc(cc3C1=O)Oc1ccc(cc1)C(C)(C)c1ccc(cc1)Oc1ccc3c(c1)C(=O)N2C3=O,533.3454208856534,260.19542088565345,108.29048866254463,6.0,False,True,,0.6530612244897959,True
HQDPA,TMB,ok,Cc1cc2c(C)cc1c1c(C)cc(cc1C)n1c(=O)c3cc(ccc3C1=O)oc1ccc(cc1)oc1ccc3c(c1)c(=O)n2C3=O,494.95805515384245,221.80805515384247,108.29048866254463,5.0,False,True,,0.6,True
NTDA,TMB,ok,Cc1cc2c(C)cc1-c1c(C)cc(cc1C)-n1c(=O)c(=O)c3ccc4c(=O)n-2c(=O)c2ccc(c1=O)c4c32,664.5097293032849,391.3597293032849,108.29048866254463,6.0,False,True,,0.4634146341463415,True
PMDA,SDA,ok,O=c1c2cc3c(=O)n4c(=O)c3cc2c(=O)n1-c1ccc(cc1)Sc1ccc-4cc1,578.569200477071,305.41920047707106,108.29048866254463,3.0,False,True,,1.0,False
BPDA,SDA,ok,O=C1c2ccc3cc2C(=O)N1c1ccc(cc1)Sc1ccc(cc1)N1C(=O)c2ccc-3cc2C1=O,501.5271486934769,228.3771486934769,108.29048866254463,4.0,False,True,,1.0,False
ODPA,SDA,ok,O=C1c2ccc3cc2c(=O)n1c1ccc(cc1)sc1ccc(cc1)n1c(=O)c2cc(ccc2C1=O)o3,485.3859637845619,212.23596378456193,108.29048866254463,4.0,False,True,,1.0,False
BTDA,SDA,ok,O=C1c2ccc3c(c2)C(=O)N(C3=O)c2ccc(cc2)Sc2ccc(cc2)N2C(=O)c3ccc1cc3C2=O,512.8755204554302,239.72552045543023,108.29048866254463,4.0,False,True,,1.0,False
6FDA,SDA,ok,O=C1c2ccc3cc2C(=O)N1c1ccc(cc1)Sc1ccc(cc1)N1C(=O)c2ccc(cc2C1=O)C3(C(F)(F)F)C(F)(F)F,501.4000589449384,228.25005894493842,108.29048866254463,0.0,True,True,,1.0,False
DSDA,SDA,ok,O=C1c2ccc3cc2C(=O)N1c1ccc(cc1)Sc1ccc(cc1)N1C(=O)c2ccc(cc2C1=O)S3(=O)=O,507.9412905942041,234.7912905942041,108.29048866254463,3.0,False,True,,0.7058823529411765,True
HPMDA,SDA,ok,O=C1C2CC3C(=O)N4C(=O)C3CC2C(=O)N1c1ccc(cc1)Sc1ccc4cc1,498.337239958848,225.187239958848,108.29048866254463,0.0,True,True,,0.4864864864864865,True
BCDA,SDA,ok,O=C1C2C=CC3C(=O)N1c1ccc(cc1)Sc1ccc(cc1)N1C(=O)C2C3C1=O,531.455486983287,258.305486983287,108.29048866254463,0.0,True,False,dianhydride:sa_score>4.5,0.43243243243243246,True
CBDA,SDA,ok,O=C1C2C3C(=O)N1c1ccc(cc1)Sc1ccc(cc1)N1C(=O)C2C3C1=O,518.7842282805389,245.63422828053888,108.29048866254463,0.0,True,True,,0.5,True
BPADA,SDA,ok,CC1(C)c2ccc(cc2)Oc2ccc3c(c2)C(=O)N(C3=O)c2ccc(cc2)Sc2ccc(cc2)N2C(=O)c3ccc(cc3C2=O)Oc2ccc1cc2,478.99099422381903,205.84099422381905,108.29048866254463,6.0,False,True,,1.0,False
HQDPA,SDA,ok,O=C1c2ccc3cc2C(=O)N1c1ccc(cc1)Sc1ccc(cc1)N1C(=O)c2ccc(cc2C1=O)Oc1ccc(cc1)O3,483.8452775816357,210.6952775816357,108.29048866254463,5.0,False,True,,1.0,False
NTDA,SDA,ok,O=c1c(=O)n2c(=O)c3ccc4c(=O)n(c(=O)c5ccc1c4c35)-c1ccc(cc1)Sc1ccc-2cc1,561.0416320228653,287.89163202286534,108.29048866254463,6.0,False,True,,0.6451612903225806,True
PMDA,CHDA,ok,O=c1c2cc3c(=O)n4c(=O)c3cc2c(=O)n1[C@H]1CC[C@@H]4CC1,533.6402474161989,260.49024741619894,108.29048866254463,-1.0,True,True,,0.48148148148148145,True
BPDA,CHDA,ok,O=C1c2ccc3cc2C(=O)N1[C@H]1CC[C@H](CC1)N1C(=O)c2ccc-3cc2C1=O,611.2144638700371,338.0644638700371,108.29048866254463,0.0,True,True,,1.0,False
ODPA,CHDA,ok,O=C1c2ccc3cc2C(=O)N1[C@H]1CC[C@H](CC1)N1C(=O)c2ccc(cc2C1=O)O3,576.0417257410676,302.8917257410676,108.29048866254463,0.0,True,True,,0.8484848484848485,True
BTDA,CHDA,ok,O=C1c2ccc3c(c2)C(=O)N(C3=O)[C@H]2CC[C@H](CC2)N2C(=O)c3ccc1cc3C2=O,590.9798504338034,317.8298504338035,108.29048866254463,0.0,True,True,,0.8571428571428571,True
6FDA,CHDA,ok,O=C1c2ccc3cc2C(=O)N1[C@H]1CC[C@H](CC1)N1C(=O)c2ccc(cc2C1=O)C3(C(F)(F)F)C(F)(F)F,599.9593987397379,326.80939873973796,108.29048866254463,-4.0,True,True,,1.0,False
DSDA,CHDA,ok,O=C1c2ccc3cc2C(=O)N1[C@H]1CC[C@H](CC1)N1C(=O)c2ccc(cc2C1=O)S3(=O)=O,623.9470358236679,350.7970358236679,108.29048866254463,-1.0,True,True,,1.0,False
HPMDA,CHDA,ok,O=C1C2CC3C(=O)N4C(=O)C3CC2C(=O)N1[C@H]1CC[C@@H]4CC1,521.4997042047008,248.34970420470086,108.29048866254463,-4.0,True,True,,0.4666666666666667,True
BCDA,CHDA,ok,O=C1C2C=CC3C(=O)N1[C@H]1CC[C@H](CC1)N1C(=O)C2C3C1=O,530.8380751635781,257.6880751635781,108.29048866254463,-4.0,True,False,dianhydride:sa_score>4.5,0.5483870967741935,True
CBDA,CHDA,ok,O=C1C2C3C(=O)N1[C@H]1CC[C@H](CC1)N1C(=O)C2C3C1=O,528.7721336032853,255.6221336032853,108.29048866254463,-4.0,True,True,,0.5555555555555556,True
BPADA,CHDA,ok,CC1(C)c2ccc(cc2)Oc2ccc3c(c2)C(=O)N(C3=O)[C@H]2CC[C@H](CC2)N2C(=O)c3ccc(cc3C2=O)Oc2ccc1cc2,545.8441994986852,272.6941994986852,108.29048866254463,2.0,False,True,,0.7,True
HQDPA,CHDA,ok,O=C1c2ccc3cc2C(=O)N1[C@H]1CC[C@H](CC1)N1C(=O)c2ccc(cc2C1=O)Oc1ccc(cc1)O3,577.5623925859904,304.41239258599046,108.29048866254463,1.0,True,True,,0.8235294117647058,True
NTDA,CHDA,ok,O=c1c(=O)n2c(=O)c3ccc4c(=O)n(c(=O)c5ccc1c4c35)[C@H]1CC[C@@H]2CC1,553.2542428069358,280.1042428069359,108.29048866254463,2.0,False,True,,0.28205128205128205,True
PMDA,XYL,ok,O=c1c2cc3c(=O)n4c(=O)c3cc2c(=O)n1Cc1ccc(cc1)C4,552.8304656269759,279.6804656269759,108.29048866254463,2.0,False,True,,0.5,True
BPDA,XYL,ok,O=C1c2ccc3cc2C(=O)N1Cc1ccc(cc1)CN1C(=O)c2ccc-3cc2C1=O,503.05511845522915,229.90511845522917,108.29048866254463,3.0,False,True,,0.6129032258064516,True
ODPA,XYL,ok,O=C1c2ccc3cc2C(=O)N1Cc1ccc(cc1)CN1C(=O)c2ccc(cc2C1=O)O3,468.33048717845077,195.1804871784508,108.29048866254463,3.0,False,True,,0.6666666666666666,True
BTDA,XYL,ok,O=C1c2ccc3c(c2)C(=O)N(Cc2ccc(cc2)CN2C(=O)c4ccc1cc4C2=O)C3=O,488.46978280371815,215.31978280371817,108.29048866254463,3.0,False,True,,0.65625,True
6FDA,XYL,ok,O=C1c2ccc3cc2C(=O)N1Cc1ccc(cc1)CN1C(=O)c2ccc(cc2C1=O)C3(C(F)(F)F)C(F)(F)F,494.7444233329602,221.59442333296022,108.29048866254463,-1.0,True,True,,0.75,True
DSDA,XYL,ok,O=C1c2ccc3cc2C(=O)N1Cc1ccc(cc1)CN1C(=O)c2ccc(cc2C1=O)S3(=O)=O,512.5941546960969,239.44415469609692,108.29048866254463,2.0,False,True,,0.6052631578947368,True
HPMDA,XYL,ok,O=C1C2CC3C(=O)N4Cc5ccc(cc5)CN1C(=O)C2CC3C4=O,481.1899488578136,208.0399488578136,108.29048866254463,-1.0,True,True,,0.4,True
BCDA,XYL,ok,O=C1C2C=CC3C(=O)N1Cc1ccc(cc1)CN1C(=O)C2C3C1=O,510.137248926668,236.98724892666803,108.29048866254463,-1.0,True,False,dianhydride:sa_score>4.5,0.3548387096774194,True
CBDA,XYL,ok,O=C1C2C3C(=O)N1Cc1ccc(cc1)CN1C(=O)C2C3C1=O,504.0160021567935,230.8660021567935,108.29048866254463,-1.0,True,True,,0.37037037037037035,True
BPADA,XYL,ok,CC1(C)c2ccc(cc2)Oc2ccc3c(c2)C(=O)N(Cc2ccc(cc2)CN2C(=O)c4ccc(cc4C2=O)Oc2ccc1cc2)C3=O,448.68404327493147,175.5340432749315,108.29048866254463,5.0,False,True,,0.717948717948718,True
HQDPA,XYL,ok,O=C1c2ccc3cc2C(=O)N1Cc1ccc(cc1)CN1C(=O)c2ccc(cc2C1=O)Oc1ccc(cc1)O3,475.2217615443751,202.07176154437514,108.29048866254463,4.0,False,True,,0.6470588235294118,True
NTDA,XYL,ok,O=c1c(=O)n2c(=O)c3ccc4c(=O)n(c(=O)c5ccc1c4c35)Cc1ccc(cc1)C2,529.8161631134936,256.66616311349367,108.29048866254463,5.0,False,True,,0.3023255813953488,True
PMDA,BAPF,ok,O=c1c2cc3c(=O)n4c(=O)c3cc2c(=O)n1-c1ccc(cc1)C1(c2ccc-4cc2)c2ccccc2-c2ccccc21,695.7268101208728,422.5768101208728,108.29048866254463,5.0,False,True,,0.5681818181818182,True
BPDA,BAPF,ok,O=C1c2ccc3cc2C(=O)N1c1ccc(cc1)C1(c2ccc(cc2)N2C(=O)c4ccc-3cc4C2=O)c2ccccc2-c2ccccc21,659.6644989447321,386.51449894473217,108.29048866254463,6.0,False,True,,1.0,False
ODPA,BAPF,ok,O=C1c2ccc3cc2C(=O)N1c1ccc(cc1)C1(c2ccc(cc2)N2C(=O)c4ccc(cc4C2=O)O3)c2ccccc2-c2ccccc21,622.8692284242087,349.7192284242087,108.29048866254463,6.0,False,True,,1.0,False
BTDA,BAPF,ok,O=C1c2ccc3c(c2)C(=O)N(C3=O)c2ccc(cc2)C2(c3ccc(cc3)N3C(=O)c4ccc1cc4C3=O)c1ccccc1-c1ccccc12,648.5694042124112,375.4194042124112,108.29048866254463,6.0,False,True,,1.0,False
6FDA,BAPF,ok,O=C1c2ccc3cc2C(=O)N1c1ccc(cc1)C1(c2ccc(cc2)N2C(=O)c4ccc(cc4C2=O)C3(C(F)(F)F)C(F)(F)F)c2ccccc2-c2ccccc21,627.5919184916378,354.4419184916378,108.29048866254463,2.0,False,True,,1.0,False
DSDA,BAPF,ok,O=C1c2ccc3cc2C(=O)N1c1ccc(cc1)C1(c2ccc(cc2)N2C(=O)c4ccc(cc4C2=O)S3(=O)=O)c2ccccc2-c2ccccc21,652.7718075532944,379.6218075532944,108.29048866254463,5.0,False,True,,1.0,False
HPMDA,BAPF,ok,O=C1C2CC3C(=O)N4C(=O)C3CC2C(=O)N1c1ccc(cc1)C1(c2ccc4cc2)c2ccccc2-c2ccccc21,583.197240806203,310.04724080620304,108.29048866254463,2.0,False,True,,0.5581395348837209,True
BCDA,BAPF,ok,O=C1C2C=CC3C(=O)N1c1ccc(cc1)C1(c4ccc(cc4)N4C(=O)C2C3C4=O)c2ccccc2-c2ccccc21,604.9068142246388,331.7568142246388,108.29048866254463,2.0,False,False,dianhydride:sa_score>4.5,0.5813953488372093,True
CBDA,BAPF,ok,O=C1C2C3C(=O)N1c1ccc(cc1)C1(c4ccc(cc4)N4C(=O)C2C3C4=O)c2ccccc2-c2ccccc21,610.1146284301283,336.9646284301283,108.29048866254463,2.0,False,True,,0.6,True
BPADA,BAPF,ok,CC1(C)c2ccc(cc2)Oc2ccc3c(c2)C(=O)N(C3=O)c2ccc(cc2)C2(c3ccc(cc3)N3C(=O)c4ccc(cc4C3=O)Oc3ccc1cc3)c1ccccc1-c1ccccc12,561.3329182378442,288.1829182378442,108.29048866254463,8.0,False,True,,0.8636363636363636,True
HQDPA,BAPF,ok,O=C1c2ccc3cc2C(=O)N1c1ccc(cc1)C1(c2ccc(cc2)N2C(=O)c4ccc(cc4C2=O)Oc2ccc(cc2)O3)c2ccccc2-c2ccccc21,583.4865425133759,310.3365425133759,108.29048866254463,7.0,False,True,,0.9743589743589743,True
NTDA,BAPF,ok,O=c1c(=O)n2c(=O)c3ccc4c(=O)n(c(=O)c5ccc1c4c35)-c1ccc(cc1)C1(c3ccc-2cc3)c2ccccc2-c2ccccc21,657.9304174739748,384.7804174739748,108.29048866254463,8.0,False,True,,0.4583333333333333,True
PMDA,TPM,ok,O=c1c2cc3c(=O)n4c(=O)c3cc2c(=O)n1-c1ccc(cc1)C(c1ccccc1)c1ccc-4cc1,603.7028766113045,330.55287661130455,108.29048866254463,4.0,False,True,,1.0,False
BPDA,TPM,ok,O=C1c2ccc3cc2C(=O)N1c1ccc(cc1)C(c1ccccc1)c1ccc(cc1)N1C(=O)c2ccc-3cc2C1=O,560.461527330453,287.31152733045303,108.29048866254463,5.0,False,True,,1.0,False
ODPA,TPM,ok,O=C1c2ccc3cc2C(=O)N1c1ccc(cc1)C(c1ccccc1)c1ccc(cc1)N1C(=O)c2ccc(cc2C1=O)O3,497.2813471544148,224.1313471544148,108.29048866254463,5.0,False,True,,1.0,False
BTDA,TPM,ok,O=C1c2ccc3c(c2)C(=O)N(C3=O)c2ccc(cc2)C(c2ccccc2)c2ccc(cc2)N2C(=O)c3ccc1cc3C2=O,549.6764297853562,276.5264297853562,108.29048866254463,5.0,False,True,,1.0,False
6FDA,TPM,ok,O=C1c2ccc3cc2C(=O)N1c1ccc(cc1)C(c1ccccc1)c1ccc(cc1)N1C(=O)c2ccc(cc2C1=O)C3(C(F)(F)F)C(F)(F)F,543.4939535936278,270.3439535936278,108.29048866254463,1.0,True,True,,0.75,True
DSDA,TPM,ok,O=C1c2ccc3cc2C(=O)N1c1ccc(cc1)C(c1ccccc1)c1ccc(cc1)N1C(=O)c2ccc(cc2C1=O)S3(=O)=O,569.0550575234721,295.9050575234721,108.29048866254463,4.0,False,True,,1.0,False
HPMDA,TPM,ok,O=C1C2CC3C(=O)N4C(=O)C3CC2C(=O)N1c1ccc(cc1)C(c1ccccc1)c1ccc4cc1,496.26061506100916,223.11061506100918,108.29048866254463,1.0,True,True,,0.6285714285714286,True
BCDA,TPM,ok,O=C1C2C=CC3C(=O)N1c1ccc(cc1)C(c1ccccc1)c1ccc(cc1)N1C(=O)C2C3C1=O,508.3503872947792,235.2003872947792,108.29048866254463,1.0,True,False,dianhydride:sa_score>4.5,0.47619047619047616,True
CBDA,TPM,ok,O=C1C2C3C(=O)N1c1ccc(cc1)C(c1ccccc1)c1ccc(cc1)N1C(=O)C2C3C1=O,500.53629274642714,227.38629274642716,108.29048866254463,1.0,True,True,,0.5428571428571428,True
BPADA,TPM,ok,CC1(C)c2ccc(cc2)Oc2ccc3c(c2)C(=O)N(C3=O)c2ccc(cc2)C(c2ccccc2)c2ccc(cc2)N2C(=O)c3ccc(cc3C2=O)Oc2ccc1cc2,476.43888486578635,203.28888486578637,108.29048866254463,7.0,False,True,,0.813953488372093,True
HQDPA,TPM,ok,O=C1c2ccc3cc2C(=O)N1c1ccc(cc1)C(c1ccccc1)c1ccc(cc1)N1C(=O)c2ccc(cc2C1=O)Oc1ccc(cc1)O3,483.0434829894022,209.89348298940223,108.29048866254463,6.0,False,True,,0.9722222222222222,True
NTDA,TPM,ok,O=c1c(=O)n2c(=O)c3ccc4c(=O)n(c(=O)c5ccc1c4c35)-c1ccc(cc1)C(c1ccccc1)c1ccc-2cc1,568.834490092425,295.684490092425,108.29048866254463,7.0,False,True,,0.6857142857142857,True
PMDA,DABA,ok,O=C1Nc2ccc(cc2)-n2c(=O)c3cc4c(=O)n(c(=O)c4cc3c2=O)-c2ccc1cc2,660.0337924892566,386.8837924892566,108.29048866254463,3.0,False,True,,0.8235294117647058,True
BPDA,DABA,ok,O=C1Nc2ccc(cc2)N2C(=O)c3ccc(cc3C2=O)-c2ccc3c(c2)C(=O)N(C3=O)c2ccc1cc2,585.8557137713447,312.7057137713447,108.29048866254463,4.0,False,True,,1.0,False
ODPA,DABA,ok,O=C1c2ccc3cc2c(=O)n1c1ccc(cc1)[nH]c(=O)c1ccc(cc1)n1c(=O)c2cc(ccc2C1=O)o3,514.8333441323164,241.6833441323164,108.29048866254463,4.0,False,True,,0.8571428571428571,True
BTDA,DABA,ok,O=C1Nc2ccc(cc2)N2C(=O)c3ccc(cc3C2=O)C(=O)c2ccc3c(c2)C(=O)N(C3=O)c2ccc1cc2,593.0948525031196,319.9448525031196,108.29048866254463,4.0,False,True,,1.0,False
6FDA,DABA,ok,O=C1Nc2ccc(cc2)N2C(=O)c3ccc(cc3C2=O)C(C(F)(F)F)(C(F)(F)F)c2ccc3c(c2)C(=O)N(C3=O)c2ccc1cc2,612.5210161005439,339.3710161005439,108.29048866254463,0.0,True,True,,0.975609756097561,True
DSDA,DABA,ok,O=C1Nc2ccc(cc2)N2C(=O)c3ccc(cc3C2=O)S(=O)(=O)c2ccc3c(c2)C(=O)N(C3=O)c2ccc1cc2,588.6321482590777,315.4821482590777,108.29048866254463,3.0,False,True,,0.875,True
HPMDA,DABA,ok,O=C1Nc2ccc(cc2)N2C(=O)C3CC4C(=O)N(C(=O)C4CC3C2=O)c2ccc1cc2,532.5949355365516,259.4449355365516,108.29048866254463,0.0,True,True,,0.525,True
BCDA,DABA,ok,O=C1Nc2ccc(cc2)N2C(=O)C3C4C=CC(C(=O)N(C4=O)c4ccc1cc4)C3C2=O,568.6965620730334,295.54656207303344,108.29048866254463,0.0,True,False,dianhydride:sa_score>4.5,0.5,True
CBDA,DABA,ok,O=C1Nc2ccc(cc2)N2C(=O)C3C(C2=O)C2C(=O)N(C(=O)C32)c2ccc1cc2,557.9705115900044,284.82051159000446,108.29048866254463,0.0,True,True,,0.5675675675675675,True
BPADA,DABA,ok,CC1(C)c2ccc(cc2)Oc2ccc3c(c2)C(=O)N(C3=O)c2ccc(cc2)NC(=O)c2ccc(cc2)N2C(=O)c3ccc(cc3C2=O)Oc2ccc1cc2,512.2313944710661,239.08139447106612,108.29048866254463,6.0,False,True,,0.9130434782608695,True
HQDPA,DABA,ok,O=C1Nc2ccc(cc2)N2C(=O)c3ccc(cc3C2=O)Oc2ccc(cc2)Oc2ccc3c(c2)C(=O)N(C3=O)c2ccc1cc2,528.7568488351022,255.60684883510226,108.29048866254463,5.0,False,True,,1.0,False
NTDA,DABA,ok,O=C1Nc2ccc(cc2)-n2c(=O)c(=O)c3ccc4c(=O)n(c(=O)c5ccc(c2=O)c4c35)-c2ccc1cc2,617.3688639681554,344.21886396815546,108.29048866254463,6.0,False,True,,0.5952380952380952,True
PMDA,FDAADA,ok,O=C1Nc2ccc(cc2)C2(c3ccc(cc3)NC(=O)c3ccc(cc3)-n3c(=O)c4cc5c(=O)n(c(=O)c5cc4c3=O)-c3ccc1cc3)c1ccccc1-c1ccccc12,669.9775554042993,396.82755540429935,108.29048866254463,7.0,False,True,,0.5957446808510638,True
BPDA,FDAADA,ok,O=C1Nc2ccc(cc2)C2(c3ccc(cc3)NC(=O)c3ccc(cc3)N3C(=O)c4ccc(cc4C3=O)-c3ccc4c(c3)C(=O)N(C4=O)c3ccc1cc3)c1ccccc1-c1ccccc12,615.6772778059218,342.5272778059218,108.29048866254463,8.0,False,True,,0.82,True
ODPA,FDAADA,ok,O=C1Nc2ccc(cc2)C2(c3ccc(cc3)NC(=O)c3ccc(cc3)N3C(=O)c4ccc(cc4C3=O)Oc3ccc4c(c3)C(=O)N(C4=O)c3ccc1cc3)c1ccccc1-c1ccccc12,620.1385776408694,346.9885776408694,108.29048866254463,8.0,False,True,,0.8823529411764706,True
BTDA,FDAADA,ok,O=C1Nc2ccc(cc2)C2(c3ccc(cc3)NC(=O)c3ccc(cc3)N3C(=O)c4ccc(cc4C3=O)C(=O)c3ccc4c(c3)C(=O)N(C4=O)c3ccc1cc3)c1ccccc1-c1ccccc12,618.1357144616408,344.9857144616408,108.29048866254463,8.0,False,True,,0.8222222222222222,True
6FDA,FDAADA,ok,O=C1Nc2ccc(cc2)C2(c3ccc(cc3)NC(=O)c3ccc(cc3)N3C(=O)c4ccc(cc4C3=O)C(C(F)(F)F)(C(F)(F)F)c3ccc4c(c3)C(=O)N(C4=O)c3ccc1cc3)c1ccccc1-c1ccccc12,609.6045738648018,336.4545738648018,108.29048866254463,4.0,False,True,,0.8,True
DSDA,FDAADA,ok,O=C1Nc2ccc(cc2)C2(c3ccc(cc3)NC(=O)c3ccc(cc3)N3C(=O)c4ccc(cc4C3=O)S(=O)(=O)c3ccc4c(c3)C(=O)N(C4=O)c3ccc1cc3)c1ccccc1-c1ccccc12,609.7545002575747,336.6045002575747,108.29048866254463,7.0,False,True,,0.7959183673469388,True
HPMDA,FDAADA,ok,O=C1Nc2ccc(cc2)C2(c3ccc(cc3)NC(=O)c3ccc(cc3)N3C(=O)C4CC5C(=O)N(C(=O)C5CC4C3=O)c3ccc1cc3)c1ccccc1-c1ccccc12,559.7234269031202,286.5734269031202,108.29048866254463,4.0,False,True,,0.5689655172413793,True
BCDA,FDAADA,ok,O=C1Nc2ccc(cc2)C2(c3ccc(cc3)NC(=O)c3ccc(cc3)N3C(=O)C4C5C=CC(C(=O)N(C5=O)c5ccc1cc5)C4C3=O)c1ccccc1-c1ccccc12,581.3312567426532,308.1812567426532,108.29048866254463,4.0,False,False,dianhydride:sa_score>4.5,0.559322033898305,True
CBDA,FDAADA,ok,O=C1Nc2ccc(cc2)C2(c3ccc(cc3)NC(=O)c3ccc(cc3)N3C(=O)C4C5C(=O)N(C(=O)C5C4C3=O)c3ccc1cc3)c1ccccc1-c1ccccc12,584.3693062554112,311.2193062554112,108.29048866254463,4.0,False,True,,0.6,True
BPADA,FDAADA,ok,CC1(C)c2ccc(cc2)Oc2ccc3c(c2)C(=O)N(C3=O)c2ccc(cc2)C(=O)Nc2ccc(cc2)C2(c3ccc(cc3)NC(=O)c3ccc(cc3)N3C(=O)c4ccc(cc4C3=O)Oc3ccc1cc3)c1ccccc1-c1ccccc12,567.5834675646349,294.43346756463495,108.29048866254463,10.0,False,True,,0.8214285714285714,True
HQDPA,FDAADA,ok,O=C1Nc2ccc(cc2)C2(c3ccc(cc3)NC(=O)c3ccc(cc3)N3C(=O)c4ccc(cc4C3=O)Oc3ccc(cc3)Oc3ccc4c(c3)C(=O)N(C4=O)c3ccc1cc3)c1ccccc1-c1ccccc12,592.9964144913806,319.84641449138064,108.29048866254463,9.0,False,True,,0.9019607843137255,True
NTDA,FDAADA,ok,O=C1Nc2ccc(cc2)C2(c3ccc(cc3)NC(=O)c3ccc(cc3)-n3c(=O)c4ccc5c(=O)n(c(=O)c(=O)c6ccc(c3=O)c5c64)-c3ccc1cc3)c1ccccc1-c1ccccc12,631.6124260564419,358.4624260564419,108.29048866254463,10.0,False,True,,0.5,True
PMDA,ABTFMB,ok,O=C1Nc2ccc(c(C(F)(F)F)c2)-c2ccc(cc2C(F)(F)F)NC(=O)c2ccc(cc2)-n2c(=O)c3cc4c(=O)n(c(=O)c4cc3c2=O)-c2ccc1cc2,636.5329429878474,363.3829429878474,108.29048866254463,1.0,True,True,,0.6341463414634146,True
BPDA,ABTFMB,ok,O=C1c2ccc3cc2c(=O)n1c1ccc(cc1)c(=O)[nH]c1ccc(c(C(F)(F)F)c1)c1ccc(cc1C(F)(F)F)[nH]c(=O)c1ccc(cc1)n1c(=O)c2cc3ccc2C1=O,532.3288367810216,259.1788367810216,108.29048866254463,2.0,False,True,,0.717391304347826,True
ODPA,ABTFMB,ok,O=C1Nc2ccc(c(C(F)(F)F)c2)-c2ccc(cc2C(F)(F)F)NC(=O)c2ccc(cc2)N2C(=O)c3ccc(cc3C2=O)Oc2ccc3c(c2)C(=O)N(C3=O)c2ccc1cc2,546.1976396696526,273.04763966965265,108.29048866254463,2.0,False,True,,0.7446808510638298,True
BTDA,ABTFMB,ok,O=C1c2ccc3cc2c(=O)n1c1ccc(cc1)c(=O)[nH]c1ccc(c(C(F)(F)F)c1)c1ccc(cc1C(F)(F)F)[nH]c(=O)c1ccc(cc1)n1c(=O)c2cc(ccc2C1=O)c3=O,528.4537669431311,255.3037669431311,108.29048866254463,2.0,False,True,,0.6530612244897959,True
6FDA,ABTFMB,ok,O=C1Nc2ccc(c(C(F)(F)F)c2)-c2ccc(cc2C(F)(F)F)NC(=O)c2ccc(cc2)N2C(=O)c3ccc(cc3C2=O)C(C(F)(F)F)(C(F)(F)F)c2ccc3c(c2)C(=O)N(C3=O)c2ccc1cc2,589.6068036187983,316.4568036187983,108.29048866254463,-2.0,True,True,,0.8125,True
DSDA,ABTFMB,ok,O=C1Nc2ccc(c(C(F)(F)F)c2)-c2ccc(cc2C(F)(F)F)NC(=O)c2ccc(cc2)N2C(=O)c3ccc(cc3C2=O)S(=O)(=O)c2ccc3c(c2)C(=O)N(C3=O)c2ccc1cc2,565.1501890639039,292.0001890639039,108.29048866254463,1.0,True,True,,0.6875,True
HPMDA,ABTFMB,ok,O=C1Nc2ccc(c(C(F)(F)F)c2)-c2ccc(cc2C(F)(F)F)NC(=O)c2ccc(cc2)N2C(=O)C3CC4C(=O)N(C(=O)C4CC3C2=O)c2ccc1cc2,530.003161601218,256.85316160121806,108.29048866254463,-2.0,True,True,,0.5,True
BCDA,ABTFMB,ok,O=C1Nc2ccc(c(C(F)(F)F)c2)-c2ccc(cc2C(F)(F)F)NC(=O)c2ccc(cc2)N2C(=O)C3C4C=CC(C(=O)N(C4=O)c4ccc1cc4)C3C2=O,551.511848309269,278.361848309269,108.29048866254463,-2.0,True,False,dianhydride:sa_score>4.5,0.4915254237288136,True
CBDA,ABTFMB,ok,O=C1Nc2ccc(c(C(F)(F)F)c2)-c2ccc(cc2C(F)(F)F)NC(=O)c2ccc(cc2)N2C(=O)C3C4C(=O)N(C(=O)C4C3C2=O)c2ccc1cc2,543.275720242501,270.1257202425011,108.29048866254463,-2.0,True,True,,0.5272727272727272,True
BPADA,ABTFMB,ok,CC1(C)c2ccc(cc2)Oc2ccc3c(c2)C(=O)N(C3=O)c2ccc(cc2)C(=O)Nc2ccc(c(C(F)(F)F)c2)-c2ccc(cc2C(F)(F)F)NC(=O)c2ccc(cc2)N2C(=O)c3ccc(cc3C2=O)Oc2ccc1cc2,503.4903189483595,230.34031894835954,108.29048866254463,4.0,False,True,,0.7333333333333333,True
HQDPA,ABTFMB,ok,O=C1c2ccc3cc2c(=O)n1c1ccc(cc1)c(=O)[nH]c1ccc(c(C(F)(F)F)c1)c1ccc(cc1C(F)(F)F)[nH]c(=O)c1ccc(cc1)n1c(=O)c2cc(ccc2C1=O)oc1ccc(cc1)o3,501.05739493193033,227.90739493193036,108.29048866254463,3.0,False,True,,0.6792452830188679,True
NTDA,ABTFMB,ok,O=C1Nc2ccc(c(C(F)(F)F)c2)-c2ccc(cc2C(F)(F)F)NC(=O)c2ccc(cc2)-n2c(=O)c3ccc4c(=O)n(c(=O)c(=O)c5ccc(c2=O)c4c53)-c2ccc1cc2,597.768625685945,324.61862568594506,108.29048866254463,4.0,False,True,,0.4897959183673469,True
PMDA,MABTFMB,ok,Cc1cc2ccc1-c1ccc(cc1C)NC(=O)c1ccc(cc1)-n1c(=O)c3cc4c(=O)n(c(=O)c4cc3c1=O)-c1ccc(cc1)C(=O)N2,623.2900170690044,350.14001706900444,108.29048866254463,5.0,False,True,,0.6428571428571429,True
BPDA,MABTFMB,ok,Cc1cc2ccc1c1ccc(cc1C)[nH]c(=O)c1ccc(cc1)n1c(=O)c3cc(ccc3C1=O)c1ccc3c(c1)c(=O)n(c1ccc(cc1)c(=O)[nH]2)C3=O,577.9385889604275,304.78858896042755,108.29048866254463,6.0,False,True,,0.6739130434782609,True
ODPA,MABTFMB,ok,Cc1cc2ccc1-c1ccc(cc1C)NC(=O)c1ccc(cc1)N1C(=O)c3ccc(cc3C1=O)Oc1ccc3c(c1)C(=O)N(C3=O)c1ccc(cc1)C(=O)N2,527.3476651445667,254.1976651445667,108.29048866254463,6.0,False,True,,0.7954545454545454,True
BTDA,MABTFMB,ok,Cc1cc2ccc1c1ccc(cc1C)[nH]c(=O)c1ccc(cc1)n1c(=O)c3cc(ccc3C1=O)c(=O)c1ccc3c(c1)c(=O)n(c1ccc(cc1)c(=O)[nH]2)C3=O,578.3306322126843,305.1806322126844,108.29048866254463,6.0,False,True,,0.7111111111111111,True
6FDA,MABTFMB,ok,Cc1cc2ccc1-c1ccc(cc1C)NC(=O)c1ccc(cc1)N1C(=O)c3ccc(cc3C1=O)C(C(F)(F)F)(C(F)(F)F)c1ccc3c(c1)C(=O)N(C3=O)c1ccc(cc1)C(=O)N2,570.7242326189892,297.5742326189892,108.29048866254463,2.0,False,True,,0.8125,True
DSDA,MABTFMB,ok,Cc1cc2ccc1-c1ccc(cc1C)NC(=O)c1ccc(cc1)N1C(=O)c3ccc(cc3C1=O)S(=O)(=O)c1ccc3c(c1)C(=O)N(C3=O)c1ccc(cc1)C(=O)N2,564.0939156101717,290.94391561017176,108.29048866254463,5.0,False,True,,0.723404255319149,True
HPMDA,MABTFMB,ok,Cc1cc2ccc1-c1ccc(cc1C)NC(=O)c1ccc(cc1)N1C(=O)C3CC4C(=O)N(C(=O)C4CC3C1=O)c1ccc(cc1)C(=O)N2,529.4147885255866,256.2647885255866,108.29048866254463,2.0,False,True,,0.5,True
BCDA,MABTFMB,ok,Cc1cc2ccc1-c1ccc(cc1C)NC(=O)c1ccc(cc1)N1C(=O)C3C4C=CC(C(=O)N(C4=O)c4ccc(cc4)C(=O)N2)C3C1=O,563.7174184214363,290.5674184214363,108.29048866254463,2.0,False,False,dianhydride:sa_score>4.5,0.48148148148148145,True
CBDA,MABTFMB,ok,Cc1cc2ccc1-c1ccc(cc1C)NC(=O)c1ccc(cc1)N1C(=O)C3C4C(=O)N(C(=O)C4C3C1=O)c1ccc(cc1)C(=O)N2,550.4075995810675,277.25759958106755,108.29048866254463,2.0,False,True,,0.5306122448979592,True
BPADA,MABTFMB,ok,Cc1cc2ccc1-c1ccc(cc1C)NC(=O)c1ccc(cc1)N1C(=O)c3ccc(cc3C1=O)Oc1ccc(cc1)C(C)(C)c1ccc(cc1)Oc1ccc3c(c1)C(=O)N(C3=O)c1ccc(cc1)C(=O)N2,496.0306321454645,222.88063214546452,108.29048866254463,8.0,False,True,,0.7884615384615384,True
HQDPA,MABTFMB,ok,Cc1cc2ccc1c1ccc(cc1C)[nH]c(=O)c1ccc(cc1)n1c(=O)c3cc(ccc3C1=O)oc1ccc(cc1)oc1ccc3c(c1)c(=O)n(c1ccc(cc1)c(=O)[nH]2)C3=O,526.8661078116612,253.71610781166123,108.29048866254463,7.0,False,True,,0.72,True
NTDA,MABTFMB,ok,Cc1cc2ccc1-c1ccc(cc1C)NC(=O)c1ccc(cc1)-n1c(=O)c3ccc4c(=O)n(c(=O)c(=O)c5ccc(c1=O)c4c53)-c1ccc(cc1)C(=O)N2,597.6662282760753,324.51622827607537,108.29048866254463,8.0,False,True,,0.5,True
PMDA,DABA_acid,ok,O=C(O)c1cc2cc(c1)n1c(=O)c3cc4c(=O)n2c(=O)c4cc3c1=O,641.0348406076572,367.8848406076572,108.29048866254463,2.0,False,False,diamine:carboxyl,0.5172413793103449,True
BPDA,DABA_acid,ok,O=C(O)c1cc2cc(c1)N1C(=O)c3ccc(cc3C1=O)-c1ccc3c(c1)C(=O)N2C3=O,616.0399636030871,342.88996360308715,108.29048866254463,3.0,False,False,diamine:carboxyl,0.8787878787878788,True
ODPA,DABA_acid,ok,O=C(O)c1cc2cc(c1)N1C(=O)c3ccc(cc3C1=O)Oc1ccc3c(c1)C(=O)N2C3=O,560.0135119298666,286.8635119298666,108.29048866254463,3.0,False,False,diamine:carboxyl,0.6666666666666666,True
BTDA,DABA_acid,ok,O=C(O)c1cc2cc(c1)N1C(=O)c3ccc(cc3C1=O)C(=O)c1ccc3c(c1)C(=O)N2C3=O,591.8991156030372,318.74911560303724,108.29048866254463,3.0,False,False,diamine:carboxyl,1.0,False
6FDA,DABA_acid,ok,O=C(O)c1cc2cc(c1)N1C(=O)c3ccc(cc3C1=O)C(C(F)(F)F)(C(F)(F)F)c1ccc3c(c1)C(=O)N2C3=O,633.7076888829894,360.5576888829894,108.29048866254463,-1.0,True,False,diamine:carboxyl,1.0,False
DSDA,DABA_acid,ok,O=C(O)c1cc2cc(c1)N1C(=O)c3ccc(cc3C1=O)S(=O)(=O)c1ccc3c(c1)C(=O)N2C3=O,638.9381638587764,365.78816385877644,108.29048866254463,2.0,False,False,diamine:carboxyl,0.65,True
HPMDA,DABA_acid,ok,O=C(O)c1cc2cc(c1)N1C(=O)C3CC4C(=O)N2C(=O)C4CC3C1=O,545.1685282231158,272.0185282231158,108.29048866254463,-1.0,True,False,diamine:carboxyl,0.5777777777777777,True
BCDA,DABA_acid,ok,O=C(O)c1cc2cc(c1)N1C(=O)C3C4C=CC(C(=O)N2C4=O)C3C1=O,588.6224177424185,315.47241774241854,108.29048866254463,-1.0,True,False,diamine:carboxyl;dianhydride:sa_score>4.5,0.43137254901960786,True
CBDA,DABA_acid,ok,O=C(O)c1cc2cc(c1)N1C(=O)C3C4C(=O)N2C(=O)C4C3C1=O,579.2042234286452,306.0542234286452,108.29048866254463,-1.0,True,False,diamine:carboxyl,0.47368421052631576,True
BPADA,DABA_acid,ok,CC1(C)c2ccc(cc2)Oc2ccc3c(c2)C(=O)N(C3=O)c2cc(C(=O)O)cc(c2)N2C(=O)c3ccc(cc3C2=O)Oc2ccc1cc2,520.4602178378215,247.31021783782148,108.29048866254463,5.0,False,False,diamine:carboxyl,0.7272727272727273,True
HQDPA,DABA_acid,ok,O=C(O)c1cc2cc(c1)N1C(=O)c3ccc(cc3C1=O)Oc1ccc(cc1)Oc1ccc3c(c1)C(=O)N2C3=O,540.0356835327127,266.88568353271273,108.29048866254463,4.0,False,False,diamine:carboxyl,0.6666666666666666,True
NTDA,DABA_acid,ok,O=C(O)c1cc2cc(c1)n1c(=O)c3ccc4c(=O)n2c(=O)c(=O)c2ccc(c1=O)c4c23,625.2298585612833,352.07985856128334,108.29048866254463,5.0,False,False,diamine:carboxyl,0.3783783783783784,True
PMDA,DAP,ok,O=c1c2cc3c(=O)n4c(=O)c3cc2c(=O)n1c1ccc(O)c4c1,647.460592761715,374.31059276171504,108.29048866254463,2.0,False,False,diamine:hydroxyl,0.6206896551724138,True
BPDA,DAP,ok,O=C1c2ccc3cc2C(=O)N1c1ccc(O)c(c1)N1C(=O)c2ccc-3cc2C1=O,587.7700703793042,314.62007037930425,108.29048866254463,3.0,False,False,diamine:hydroxyl,0.7058823529411765,True
ODPA,DAP,ok,O=C1c2ccc3cc2C(=O)N1c1ccc(O)c(c1)N1C(=O)c2ccc(cc2C1=O)O3,561.1901697673277,288.0401697673277,108.29048866254463,3.0,False,False,diamine:hydroxyl,0.7906976744186046,True
BTDA,DAP,ok,O=C1c2ccc3c(c2)C(=O)N(C3=O)c2ccc(O)c(c2)N2C(=O)c3ccc1cc3C2=O,569.8213926053324,296.67139260533247,108.29048866254463,3.0,False,False,diamine:hydroxyl,0.7222222222222222,True
6FDA,DAP,ok,O=C1c2ccc3cc2C(=O)N1c1ccc(O)c(c1)N1C(=O)c2ccc(cc2C1=O)C3(C(F)(F)F)C(F)(F)F,583.6438578602881,310.49385786028813,108.29048866254463,-1.0,True,False,diamine:hydroxyl,0.85,True
DSDA,DAP,ok,O=C1c2ccc3cc2C(=O)N1c1ccc(O)c(c1)N1C(=O)c2ccc(cc2C1=O)S3(=O)=O,579.6840310565368,306.53403105653683,108.29048866254463,2.0,False,False,diamine:hydroxyl,0.7073170731707317,True
HPMDA,DAP,ok,O=C1C2CC3C(=O)N4C(=O)C3CC2C(=O)N1c1ccc(O)c4c1,538.1081049576944,264.95810495769445,108.29048866254463,-1.0,True,False,diamine:hydroxyl,0.45,True
BCDA,DAP,ok,O=C1C2C3C=CC4C(=O)N(C3=O)c3cc(ccc3O)N1C(=O)C42,583.594121996524,310.444121996524,108.29048866254463,-1.0,True,False,diamine:hydroxyl;dianhydride:sa_score>4.5,0.34782608695652173,True
CBDA,DAP,ok,O=C1C2C3C(=O)N1c1ccc(O)c(c1)N1C(=O)C2C3C1=O,575.2739797198243,302.1239797198243,108.29048866254463,-1.0,True,False,diamine:hydroxyl,0.38,True
BPADA,DAP,ok,CC1(C)c2ccc(cc2)Oc2ccc3c(c2)C(=O)N(C3=O)c2ccc(O)c(c2)N2C(=O)c3ccc(cc3C2=O)Oc2ccc1cc2,521.5657620867465,248.41576208674655,108.29048866254463,5.0,False,False,diamine:hydroxyl,1.0,False
HQDPA,DAP,ok,O=C1c2ccc3cc2C(=O)N1c1ccc(O)c(c1)N1C(=O)c2ccc(cc2C1=O)Oc1ccc(cc1)O3,542.194311869185,269.044311869185,108.29048866254463,4.0,False,False,diamine:hydroxyl,0.813953488372093,True
NTDA,DAP,ok,O=c1c(=O)n2c(=O)c3ccc4c(=O)n(c(=O)c5ccc1c4c35)c1cc2ccc1O,620.7446277519601,347.59462775196016,108.29048866254463,5.0,False,False,diamine:hydroxyl,0.43243243243243246,True
PMDA,DADS,ok,O=c1c2cc3c(=O)n4c(=O)c3cc2c(=O)n1-c1ccc(cc1)SSc1ccc-4cc1,639.5879575938067,366.4379575938067,108.29048866254463,3.0,False,False,diamine:disulfide,0.7692307692307693,True
BPDA,DADS,ok,O=C1c2ccc3cc2c(=O)n1c1ccc(cc1)ssc1ccc(cc1)n1c(=O)c2cc3ccc2C1=O,560.7674003429829,287.61740034298293,108.29048866254463,4.0,False,False,diamine:disulfide,0.8064516129032258,True
ODPA,DADS,ok,O=C1c2ccc3cc2C(=O)N1c1ccc(cc1)SSc1ccc(cc1)N1C(=O)c2ccc(cc2C1=O)O3,543.9008768886287,270.7508768886287,108.29048866254463,4.0,False,False,diamine:disulfide,0.8333333333333334,True
BTDA,DADS,ok,O=C1c2ccc3cc2c(=O)n1c1ccc(cc1)ssc1ccc(cc1)n1c(=O)c2cc(ccc2C1=O)c3=O,567.5595084735761,294.4095084735761,108.29048866254463,4.0,False,False,diamine:disulfide,0.8181818181818182,True
6FDA,DADS,ok,O=C1c2ccc3cc2C(=O)N1c1ccc(cc1)SSc1ccc(cc1)N1C(=O)c2ccc(cc2C1=O)C3(C(F)(F)F)C(F)(F)F,558.9290934499952,285.77909344999523,108.29048866254463,0.0,True,False,diamine:disulfide,0.8461538461538461,True
DSDA,DADS,ok,O=C1c2ccc3cc2C(=O)N1c1ccc(cc1)SSc1ccc(cc1)N1C(=O)c2ccc(cc2C1=O)S3(=O)=O,571.2933276486515,298.1433276486515,108.29048866254463,3.0,False,False,diamine:disulfide,0.6842105263157895,True
HPMDA,DADS,ok,O=C1C2CC3C(=O)N4C(=O)C3CC2C(=O)N1c1ccc(cc1)SSc1ccc4cc1,510.95327944269224,237.80327944269226,108.29048866254463,0.0,True,False,diamine:disulfide,0.4864864864864865,True
BCDA,DADS,ok,O=C1C2C=CC3C(=O)N1c1ccc(cc1)SSc1ccc(cc1)N1C(=O)C2C3C1=O,560.4622936271908,287.3122936271908,108.29048866254463,0.0,True,False,diamine:disulfide;dianhydride:sa_score>4.5,0.41025641025641024,True
CBDA,DADS,ok,O=C1C2C3C(=O)N1c1ccc(cc1)SSc1ccc(cc1)N1C(=O)C2C3C1=O,552.6253002436454,279.4753002436454,108.29048866254463,0.0,True,False,diamine:disulfide,0.4411764705882353,True
BPADA,DADS,ok,CC1(C)c2ccc(cc2)Oc2ccc3c(c2)C(=O)N(C3=O)c2ccc(cc2)SSc2ccc(cc2)N2C(=O)c3ccc(cc3C2=O)Oc2ccc1cc2,505.9532581610747,232.80325816107472,108.29048866254463,6.0,False,False,diamine:disulfide,0.8809523809523809,True
HQDPA,DADS,ok,O=C1c2ccc3cc2c(=O)n1c1ccc(cc1)ssc1ccc(cc1)n1c(=O)c2cc(ccc2C1=O)oc1ccc(cc1)o3,493.68446114531946,220.53446114531948,108.29048866254463,5.0,False,False,diamine:disulfide,0.8421052631578947,True
NTDA,DADS,ok,O=c1c(=O)n2c(=O)c3ccc4c(=O)n(c(=O)c5ccc1c4c35)-c1ccc(cc1)SSc1ccc-2cc1,605.9833870595502,332.8333870595502,108.29048866254463,6.0,False,False,diamine:disulfide,0.5,True
