smiles,p_co2,alpha,d,interval
*Oc1cc2c(cc1O*)C1(c3cc4c(cc3-2)C(C)(C)CCC4(C)C)c2cc3oc4cc5c(=O)n(-c6c(C)c(C)c(N7C(=O)c8cc(*)c(*)cc8C7=O)c(C)c6C)c(=O)c5cc4oc3cc2C(C)(CC)C1C,238.52611657204733,15.379642489714781,-1.5531419062668812,2.298350128818945
*Oc1cc2c(cc1O*)C1(c3cc4c(cc3-c3cc5oc6cc7c(=O)n(-c8c(C)cc(-c9cc(C)c(N%10C(=O)c%11cc(*)c(*)cc%11C%10=O)c(C)c9)cc8C)c(=O)c7cc6oc5cc31)C(C)(C)CCC4(C)C)C(C)C2(C)CC,209.76749030317902,14.49374111625375,-1.6427039382493693,2.298350128818945
*Oc1cc2c(cc1O*)C1(C(C)C)c3cc4cc5c(cc4cc3C2(CC(C)C)c2cc3oc4cc6c(=O)n(-c7c(C)cc(-c8cc(C)c(N9C(=O)c%10cc(*)c(*)cc%10C9=O)c9ccccc89)c8ccccc78)c(=O)c6cc4oc3cc21)C(C)(C)CCC5(C)C,266.18726374845653,11.4935603919557,-1.671249416296237,2.298350128818945
*Oc1cc2c(cc1O*)C13CC24CC2(c5ccccc5-c5ccccc52)c2cc5c(cc24)OC(=C(O5)C(S(=O)(=O)c2ccc([Si](C)(C)C)cc2)=C(*)C(*)=C1S(=O)(=O)c1ccc([Si](C)(C)C)cc1)c1cc2c(cc13)C(C)(C)CCC2(C)C,328.0071678089954,9.127393171611658,-1.711737950787867,2.298350128818945
*Oc1cc2c(cc1O*)C1(c3cc4c(cc3O2)C(C)(C)CCC4(C)C)c2cc3c(cc2-c2cc4c(cc21)C(C)(C)CCC4(C)C)Oc1c(c(S(=O)(=O)c2ccc([Si](C)(C)C)cc2)c(*)c(*)c1S(=O)(=O)c1ccc([Si](C)(C)C)cc1)O3,113.99163359979059,19.069112076596188,-1.7514310868565026,2.298350128818945
*Oc1cc2c(cc1O*)C1(c3cc4c(cc3-c3cc5oc6cc7c(=O)n(-c8c(C)cc(-c9cc(C)c(N%10C(=O)c%11cc(*)c(*)cc%11C%10=O)c%10ccccc9%10)c9ccccc89)c(=O)c7cc6oc5cc31)C(C)(C)CCC4(C)C)C(C)C2(C)CC,206.58405310550944,12.040180473387116,-1.7548974337560383,2.298350128818945
*Oc1cc2c(cc1O*)C1(c3cc4c(cc3-c3cc5c(cc31)C(C)(C)CCC5(C)C)Oc1c(c(S(=O)(=O)c3ccc([Si](C)(C)C)cc3)c(*)c(*)c1S(=O)(=O)c1ccc([Si](C)(C)C)cc1)O4)C(C)C2(C)CC,112.11284774832677,19.137521850793956,-1.756610657763451,2.298350128818945
*Oc1cc2c(cc1O*)C13c4ccccc4-c4ccccc4C(=C(C)C(C)=C(N4C(=O)c5cc(*)c(*)cc5C4=O)C(C)=C2C)n2c(=O)c4cc5oc6cc(c1cc6oc5cc4c2=O)-c1cc2c(cc13)C(C)(C)CCC2(C)C,224.37119830394354,10.868301784170326,-1.7773037898358033,2.298350128818945
*Oc1ccc(-c2c(-c3ccc(C#N)cc3)c(-c3ccc(C#N)cc3)c(-c3ccc4c(c3)Oc3c(c(C(=O)c5ccc(-c6ccccc6)cc5)c(*)c(*)c3C(=O)c3ccc(-c5ccccc5)cc3)O4)c(-c3ccc(C#N)cc3)c2-c2ccc(C#N)cc2)cc1O*,117.89319072850573,17.14446406618524,-1.797365941023044,2.298350128818945
*Oc1cc2c(cc1O*)C13CC24CC2(c5ccccc5-c5ccccc52)c2cc5oc6cc7c(=O)n(c(=O)c7cc6oc5cc24)C(=C(C)C(C)=C(N2C(=O)c4cc(*)c(*)cc4C2=O)C(C)=C1C)c1cc2c(cc13)C(C)(C)CCC2(C)C,267.4219080051781,9.116508364308743,-1.8011033995970798,2.298350128818945
*Oc1cc2c(cc1O*)C13CC24CC2(c5ccccc5-c5ccccc52)c2cc5oc6cc7c(=O)n(c(=O)c7cc6oc5cc24)C(=C(C)C(C)=C(N2C(=O)c4cc(*)c(*)cc4C2=O)C(C)=C1C)c1cc2c(cc13)C(C)(C)CCC2(C)C,267.4219080051781,9.116508364308743,-1.8011033995970798,2.298350128818945
*Oc1cc2c(cc1O*)C13CC24CC2(c5ccccc5-c5ccccc52)c2cc5oc6cc7c(=O)n(c(=O)c7cc6oc5cc24)C(=C(C)C(C)=C(N2C(=O)c4cc(*)c(*)cc4C2=O)C(C)=C1C)c1cc2c(cc13)C(C)(C)CCC2(C)C,267.4219080051781,9.116508364308743,-1.8011033995970798,2.298350128818945
*Oc1cc2c(cc1O*)C1(c3cc4c(cc3-2)C(C)(C)CCC4(C)C)c2cc3oc4cc5c(=O)n(-c6c(C)cc(-c7cc(C)c(N8C(=O)c9cc(*)c(*)cc9C8=O)c8ccccc78)c7ccccc67)c(=O)c5cc4oc3cc2C(C)(CC)C1C,176.39757260849103,12.298449652728786,-1.8114228760435562,2.298350128818945
*Oc1cc2c(cc1O*)C1(CCC)c3cc4cc5c(cc4cc3C2(CCC)c2cc3oc4cc6c(=O)n(-c7c(C)cc(-c8cc(C)c(N9C(=O)c%10cc(*)c(*)cc%10C9=O)c9ccccc89)c8ccccc78)c(=O)c6cc4oc3cc21)C(C)(C)CCC5(C)CC,212.75856944332742,10.631271946529784,-1.812933147185554,2.298350128818945
*Oc1ccc(-c2c(-c3ccc(C#C)cc3)c(-c3ccc(C#N)cc3)c(-c3ccc4oc5cc6c(=O)n(-c7c(C)cc(-c8cc(C)c(N9C(=O)c%10cc(*)c(*)cc%10C9=O)c9ccccc89)c8ccccc78)c(=O)c6cc5oc4c3)c(-c3ccc(C#N)cc3)c2-c2ccc(C#N)cc2)cc1O*,104.50845138627308,17.735309163632273,-1.8304204254494105,2.298350128818945
*Oc1cc2c(cc1O*)C1(c3cc4c(cc3-2)C(C)(C)CCC4=C)c2cc3c(cc2-c2cc4oc5cc6c(=O)n(-c7c(C)cc(-c8cc(C)c(N9C(=O)c%10cc(*)c(*)cc%10C9=O)c(C)c8)cc7C)c(=O)c6cc5oc4cc21)C(C)(C)CCC3(C)C,228.91825419339474,9.715583307206686,-1.832399136598422,2.298350128818945
*Oc1cc2c(cc1O*)C1(c3cc4c(cc3-2)C(C)(C)CCC4(C)C)c2cc3c(cc2-c2cc4oc5cc6c(=O)n(-c7ccc(Oc8ccc(N9C(=O)c%10cc(*)c(*)cc%10C9=O)cc8)cc7C)c(=O)c6cc5oc4cc21)C(C)(C)CCC3(C)C,208.7953249863223,10.314406891649828,-1.8383197961436264,2.298350128818945
*Oc1ccc(-c2c(-c3ccc(C#N)cc3)c(-c3ccc(C#N)cc3)c(-c3ccc4c(c3)Oc3c(c(C(=O)c5ccccc5)c(*)c(*)c3C(=O)c3ccccc3)O4)c(-c3ccc(C#N)cc3)c2-c2ccc(C#N)cc2)cc1O*,112.28735338239882,16.32924245459499,-1.8462497967617892,2.298350128818945
*Oc1cc2c(cc1O*)C13c4ccccc4-c4ccccc4C(=C(C)C=C(c4cc(C)c(N5C(=O)c6cc(*)c(*)cc6C5=O)c5ccccc45)c4ccccc4-2)n2c(=O)c4cc5oc6cc(c1cc6oc5cc4c2=O)-c1cc2c(cc13)C(C)(C)CCC2(C)C,173.3652699230337,11.419621305970105,-1.8611475745363046,2.298350128818945
*Oc1cc2c(cc1O*)C13CC24CC2(c5ccccc5-c5ccccc52)c2cc5oc6cc7c(=O)n(c(=O)c7cc6oc5cc24)C(=C(C)C=C(c2cc(C)c(N4C(=O)c5cc(*)c(*)cc5C4=O)c(C)c2)C=C1C)c1cc2c(cc13)C(C)(C)CCC2(C)C,220.83007020700245,9.422735717090854,-1.86543945591513,2.298350128818945
*Oc1cc2c(cc1O*)C1(C)c3cc4c(cc3C2(C)c2cc3cc5c(cc3cc21)C(C)(C)CCC5(C)C)Oc1c(c(S(=O)(=O)c2cc(F)cc(F)c2)c(*)c(*)c1C(=O)c1cc(F)cc(F)c1)O4,114.27820336540218,14.485537826127375,-1.9068009195842537,2.298350128818945
*Oc1cc2c(cc1O*)C1(C(C)C)c3cc4cc5c(cc4cc3C2(C#C)c2cc3oc4cc6c(=O)n(-c7c(C)cc(-c8cc(C)c(N9C(=O)c%10cc(*)c(*)cc%10C9=O)c(C)c8)cc7C)c(=O)c6cc4oc3cc21)C(C)(C)CCC5(C)C,165.78607556831093,10.665670702597254,-1.919433694123335,2.298350128818945
*Oc1cc2c(cc1O*)C1(c3cc4c(cc3-c3cc5c(cc31)C(C)(C)CCC5(C)C)Oc1c(c(S(=O)(=O)c3ccc([Si](C)(C)C)cc3)c(*)c(*)c1S(=O)(=O)c1ccc([Si](C)(C)C)cc1)O4)c1cc3c(cc1-2)C(C)(C)CCC3(C)C,119.57355332835581,13.249362935452147,-1.937894875496828,2.298350128818945
*Oc1cc2c(cc1O*)C1(C)c3cc4cc5c(cc4cc3C2(C)c2cc3oc4cc6c(=O)n(-c7c(C)cc(-c8cc(S)c(N9C(=O)c%10cc(*)c(*)cc%10C9=O)c9ccccc89)c8ccccc78)c(=O)c6cc4oc3cc21)C(C)(C)CCC5(C)C,189.0780080552254,9.15129620009261,-1.9494918064193647,2.298350128818945
*Oc1cc2c(cc1O*)C1(CCC)c3cc4c(cc3C2(CCC)c2cc3cc5c(cc3cc21)C(C)(C)CCC5(C)C)Oc1cc2c(cc1C(*)(S(=O)(=O)c1ccc([Si](C)(C)C)cc1)O4)-c1cc3c(cc1-2)C(C)(C)CCC3(C)C,378.15426562493457,4.93563200836785,-1.9998431199997015,2.298350128818945
*Oc1cc2c(cc1O*)C13CC24CC2(c5ccccc5-c5ccccc52)c2cc5c(cc24)OC(=C(O5)C(C(=O)c2ccc([Si](C)(C)C)cc2)=C(*)C(*)=C1C(=O)c1ccc([Si](C)(C)C)cc1)C(C)(CC)C3C,148.75693624655543,9.833931601663314,-2.01271168239236,2.298350128818945
*Oc1cc2c(cc1O*)C13c4ccccc4-c4ccccc4C(=C(C)C=C(C)C(N4C(=O)c5cc(*)c(*)cc5C4=O)=C2C)n2c(=O)c4cc5oc6cc(c1cc6oc5cc4c2=O)-c1cc2c(cc13)C(C)(C)CCC2(C)C,137.36623590075874,10.375328220710072,-2.0168090254069666,2.298350128818945
*Oc1cc2c(cc1O*)C13c4ccccc4-c4ccccc4C(=C(C)C=C(C)C(N4C(=O)c5cc(*)c(*)cc5C4=O)=C2C)n2c(=O)c4cc5oc6cc(c1cc6oc5cc4c2=O)-c1cc2c(cc13)C(C)(C)CCC2(C)C,137.36623590075874,10.375328220710072,-2.0168090254069666,2.298350128818945
*Oc1cc2c(cc1O*)C1(C(C)C)c3cc4cc5c(cc4cc3C2(CCC)c2cc3oc4cc6c(=O)n(-c7c(C)cc(-c8cc(C)c(N9C(=O)c%10cc(*)c(*)cc%10C9=O)c(C)c8)cc7C)c(=O)c6cc4oc3cc21)C(C)(C)CCC5(C)C,174.1344643225397,8.612835284979393,-2.0197602711538956,2.298350128818945
*Oc1cc2c(cc1O*)C1(C(C)C)c3cc4ccccc4cc3C2(C(C)C)c2cc3oc4cc5c(=O)n(-c6c(C)cc(-c7cc(C)c(N8C(=C)c9cc(*)c(*)cc9C8=O)c8ccccc78)c7ccccc67)c(=O)c5cc4oc3cc21,133.89708182309275,10.504206978629815,-2.0208921213104665,2.298350128818945
*Oc1cc2c(cc1O*)C1(CCC)c3cc4cc5c(cc4cc3C2(CCC)c2cc3oc4cc6c(=O)n(-c7c(C)c(C)cc(N8C(=O)c9cc(*)c(*)cc9C8=O)c7C)c(=O)c6cc4oc3cc21)C(C)(C)CCC5(C)C,196.33978895012118,7.652318707114748,-2.0349314730193138,2.298350128818945
*Oc1cc2c(cc1O*)C1(CCC23CC2(c4ccccc4-c4ccccc42)c2cc4oc5cc6c(=O)n(-c7c(C)cc(-c8cc(C)c(N9C(=O)c%10cc(*)c(*)cc%10C9=O)c(C)c8)cc7C)c(=O)c6cc5oc4cc23)c2ccccc2-c2ccccc21,147.65724831097992,9.255185051379376,-2.0504536636930997,2.298350128818945
*Oc1cc2c(cc1O*)C13CC24CC2(c5ccccc5-c5ccccc52)c2cc5oc6cc7c(=O)n(c(=O)c7cc6oc5cc24)C(=C(C)C=C(c2cc(C)c(N4C(=O)c5cc(*)c(*)cc5C4=O)c(C)c2)C=C1C)C(C)(CC)C3C,172.076383104045,7.69040344893483,-2.0893931324565793,2.298350128818945
*Oc1cc2c(cc1O*)C1(C)c3ccccc3C2(C)c2cc3c(cc21)Oc1c(c(C(F)(F)F)c(*)c(*)c1C(F)(F)F)O3,108.33686102783997,10.833041217066524,-2.095344054844279,2.298350128818945
*Oc1cc2c(cc1O*)C1(C(C)C)c3cc4ccccc4cc3C2(CC(C)C)c2cc3oc4cc5c(=O)n(-c6c(C)cc(-c7cc(C)c(N8C(=O)c9cc(*)c(*)cc9C8=O)c(C)c7)cc6C)c(=O)c5cc4oc3cc21,190.6822447539146,7.0043496856382,-2.0979832265014413,2.298350128818945
*Oc1cc2c(cc1O*)C1(CC23CC2(c4ccccc4-c4ccccc42)c2cc4oc5cc6c(=O)n(-c7cc(N8C(=O)c9cc(*)c(*)cc9C8=O)c(C)cc7C)c(=O)c6cc5oc4cc23)c2ccccc2-c2ccccc21,135.78522741898195,8.550112655296275,-2.1319521951024685,2.298350128818945
*Oc1cc2c(cc1O*)C1(CC)c3ccccc3C2(C)c2cc3c(cc21)Oc1c(c(C(F)(F)F)c(*)c(*)c1C(F)(F)F)O3,104.26779629328014,10.426158965114707,-2.133757437285929,2.298350128818945
*Oc1cc2c(cc1O*)C13CC24C=C(N2C(=O)c5cc(*)c(*)cc5C2=O)C(C)=CC(C)=C(c2cc5c(cc24)C(C)(C)CCC5(C)C)n2c(=O)c4cc5oc6cc1c(cc6oc5cc4c2=O)C1(C3)c2ccccc2-c2ccccc21,153.19189825198364,7.688939367984391,-2.139986960619225,2.298350128818945
*Oc1cc2c(cc1O*)C13CC24CC2(c5ccccc5-c5ccccc52)c2cc5c(cc24)OC(=CC2=C(C=C1O5)C(=O)N(c1c(C)cc(-c4cc(C)c(N5C(=O)c6cc(*)c(*)cc6C5=O)c5ccccc45)c4ccccc14)C2=O)c1cc2c(cc13)C(C)(C)CCC2(C)C,242.51814047423076,5.372950584320381,-2.144452131519543,2.298350128818945
*Oc1cc2c(cc1O*)C13CC24CC2(c5ccccc5-c5ccccc52)c2cc5oc6cc7c(=O)n(c(=O)c7cc6oc5cc24)C(=C(C)C=C(C)C(N2C(=O)c4cc(*)c(*)cc4C2=O)=C1C)c1cc2c(cc13)C(C)(C)CCC2(C)C,149.84506480873642,7.613608495279999,-2.1551835888312594,2.298350128818945
*Oc1cc2c(cc1O*)C13CC24CC2(c5ccccc5-c5ccccc52)c2cc5oc6cc7c(=O)n(c(=O)c7cc6oc5cc24)C(=C(C)C=C(C)C(N2C(=O)c4cc(*)c(*)cc4C2=O)=C1C)c1cc2c(cc13)C(C)(C)CCC2(C)C,149.84506480873642,7.613608495279999,-2.1551835888312594,2.298350128818945
*Oc1cc2c(cc1O*)C13CC24CC2(c5ccccc5-c5ccccc52)c2cc5oc6cc7c(=O)n(c(=O)c7cc6oc5cc24)C(=C(C)C=C(C)C(N2C(=O)c4cc(*)c(*)cc4C2=O)=C1C)c1cc2c(cc13)C(C)(C)CCC2(C)C,149.84506480873642,7.613608495279999,-2.1551835888312594,2.298350128818945
*Oc1cc2c(cc1O*)C13CC24CC2(c5ccccc5-c5ccccc52)c2cc5oc6cc7c(=O)n(c(=O)c7cc6oc5cc24)C(=C(C)C=C(C)C(N2C(=O)c4cc(*)c(*)cc4C2=O)=C1C)c1cc2c(cc13)C(C)(C)CCC2(C)C,149.84506480873642,7.613608495279999,-2.1551835888312594,2.298350128818945
*Oc1cc2c(cc1O*)S1(C)c3ccccc3C2(C)c2cc3c(cc21)Oc1c(c(C(F)(F)F)c(*)c(*)c1C(F)(F)F)O3,102.05276913268978,10.204669434220591,-2.155303152302109,2.298350128818945
*Oc1cc2c(cc1O*)C13CC24CC2(c5ccccc5-c5ccccc52)c2cc5oc6cc7c(=O)n(c(=O)c7cc6oc5cc24)C(=C(C)C=C(c2cc(C)c(N4C(=O)c5cc(*)c(*)cc5C4=O)c4ccccc24)c2ccccc21)C(C)(CC)CC3C,124.23236888163294,8.072607442647813,-2.2032757436689114,2.298350128818945
*Oc1cc2c(cc1O*)C1(c3cc4c(cc3-c3cc5c(cc31)C(C)(C)CCC5(C)C)Oc1c(c(C(=O)c3cc(F)cc(F)c3)c(*)c(*)c1C(=O)c1cc(F)cc(F)c1)O4)c1cc3c(cc1-2)C(C)(C)CCC3(C)C,236.0464415817887,4.913323830405388,-2.2070927897614068,2.298350128818945
*Oc1cc2c(cc1O*)C13CC24C=CC(Oc2ccc(N5C(=O)c6cc(*)c(*)cc6C5=O)cc2)=CC=C(c2cc5c(cc24)C(C)(C)CCC5(C)C)n2c(=O)c4cc5oc6cc1c(cc6oc5cc4c2=O)C1(C3)c2ccccc2-c2ccccc21,209.02803784620474,5.34247470378538,-2.212229074082403,2.298350128818945
*Oc1cc2c(cc1O*)C1(c3cc4c(cc3-2)C(C)(C)CCC4(C)C)c2cc3c(cc2C(C)(CC)C1C)Oc1c(c(C(=O)c2ccc([Si](C)(C)C)cc2)c(*)c(*)c1C(=O)c1ccc([Si](C)(C)C)cc1)O3,147.70838916922912,6.7900375322758775,-2.226573458935294,2.298350128818945
*Oc1cc2c(cc1O*)C1(C(C)C)c3cc4c(cc3C2(C(C)C)c2cc3cc5c(cc3cc21)C(C)(C)CCC5(C)C)Oc1c(c(C(=O)c2cc(F)cc(F)c2)c(*)c(*)c1C(=O)c1ccc(-c2ccccc2)cc1)O4,248.72300929963896,4.318525719336037,-2.257810790671013,2.298350128818945
*Oc1cc2c(cc1O*)C1(CCC)c3cc4ccccc4cc3C2(CCC)c2cc3oc4cc5c(=O)n(-c6c(C)cc(-c7cc(C#N)c(N8C(=O)c9cc(*)c(*)cc9C8=O)c8ccccc78)c7ccccc67)c(=O)c5cc4oc3cc21,121.68720780660875,7.200881322810369,-2.2772999903233426,2.298350128818945
*Oc1cc2c(cc1O*)C1(CCC23CC2(c4ccccc4-c4ccccc42)c2cc4oc5cc6c(=O)n(-c7c(C)cc(C)c(N8C(=O)c9cc(*)c(*)cc9C8=O)c7C)c(=O)c6cc5oc4cc23)c2ccccc2-c2ccccc21,111.5283667311426,7.426336447473983,-2.2976142291126447,2.298350128818945
*Oc1cc2c(cc1O*)C1(C(C)C)c3ccccc3C2(C(C)C)c2cc3oc4cccccc5c(=O)c5c(C#N)c(*)c(C(=O)c5ccccc5)c=4oc3cc21,136.44900705217265,6.339969639480536,-2.3000394842647047,2.298350128818945
*OC1=CC=C2C(=O)C(C)=CC(=C3C=C4C=CC=CC=C5C6=CC(*)=CC(=CC(C)=CC56F)n5c(=O)c6cc7oc8ccc(cc8oc7cc65)C423)C=C1C,166.78211131607688,5.382393936918046,-2.3060475127052547,2.298350128818945
*Oc1cc2c(cc1O*)C1(CCC)c3cc4c(cc3C2(CCC)c2cc3cc5c(cc3cc21)C(C)(C)CCC5(C)C)Oc1c(c(C(=O)c2cc(F)cc(F)c2)c(*)c(*)c1C(=O)c1ccc(-c2ccccc2)cc1)O4,257.77644974855093,3.679078819100072,-2.3334849604078456,2.298350128818945
*Oc1cc2c(cc1O*)C1(C)c3ccccc3C2(C)C(C(=O)c2cc(F)cc(F)c2)=C(*)C(*)=C(C(=O)c2cc(F)cc(F)c2)c2oc3cc4c5cc6c7cc8c(cc7c2oc3cc4c6cc51)C(C)(C)CCC8(C)C,215.3021670231237,4.135616695346166,-2.3451082438035016,2.298350128818945
*Oc1cc2c(cc1O*)C1(CC23CC2(c4ccccc4-c4ccccc42)c2cc4c(cc23)Oc2c(c(C(=O)c3cc(F)cc(F)c3)c(*)c(*)c2C(=O)c2cc(F)cc(F)c2)O4)c2ccccc2-c2ccccc21,153.6064820330313,5.266886160997614,-2.354133746003573,2.298350128818945
*Oc1cc2c(cc1O*)C13CC24CC2(c5ccccc5-c5ccccc52)c2cc5c(cc24)OC(=C(O5)C(C(=O)c2ccccc2)=C(*)C(*)=C1C(=O)c1ccccc1)c1cc2c(cc13)C(C)(C)CCC2(C)C,213.22922369649254,3.588549273522793,-2.4300605914798097,2.298350128818945
*Oc1cc2c(cc1O*)C1(C(C)C)c3cc4c(cc3C2(C(C)C)c2cc3cc5c(cc3cc21)C(C)(C)CCC5(C)C)Oc1c(c(C(=O)c2ccc([Si](C)(C)C)cc2)c(*)c(*)c1C(=O)c1ccc([Si](C)(C)C)cc1)O4,146.91040737651255,4.577409310964065,-2.453340890716162,2.298350128818945
*Oc1cc2c(cc1O*)C1(C)c3cc4c(cc3C2(C)c2cc3cc5c(cc3cc21)C(C)(C)CCC5(C)C)Oc1c(c(C(=O)c2ccc([Si](C)(C)C)cc2)c(*)c(*)c1C(=O)c1ccc([Si](=C)C)cc1)O4,113.4633622148457,5.4902559458634945,-2.46204918540863,2.298350128818945
*Oc1cc2c(cc1O*)C1(c3cc4c(cc3-c3cc5c(cc31)C(C)(C)CCC5(C)C)Oc1c(c(C(=O)c3ccc([Si](C)(C)C)cc3)c(*)c(*)c1C(=O)c1ccc([Si](C)(C)C)cc1)O4)c1cc3c(cc1-2)C(C)(C)CCC3(C)C,129.43939734161322,4.773212140457125,-2.4844889004456956,2.298350128818945
*Oc1cc2c(cc1O*)C1(c3cc(C(C)(C)C)ccc3-2)c2cc(C(C)(C)C)ccc2-c2cc3oc4c(C(=O)c5ccc([Si](C)(C)C)cc5)c(*)c(*)c(C(=O)c5ccc([Si](C)(C)C)cc5)c4ooc3cc21,127.7107642317147,4.282444980051718,-2.5520740994792113,2.298350128818945
*OC1=CC12CC1(CC3(c4ccccc4-c4ccccc43)c3cc4c(cc31)Oc1cc3c(cc1O4)C(=O)N1C(=C(C)C=C4C(=O)N5C(=O)c6cc(*)c(*)cc(c6=O)-c6ccccc6C4=CC(C)=C5c4ccccc4-3)C(c3ccccc3)=C1c1ccccc1)c1cc(O*)c(O*)cc12,134.896994535719,3.9070578503814755,-2.5805095362987336,2.298350128818945
*Oc1cc2c(cc1O*)C13CC24C=CC(c2ccccc2)=CC=C(c2cc5c(cc24)C(C)(C)CCC5(C)C)S(=O)(=O)c2c(*)c(*)c(S(=O)(=O)c4ccc(-c5ccccc5)cc4)c4c2Oc2cc1c(cc2O4)C1(C3)c2ccccc2-c2ccccc21,238.62957891628218,2.4228801829900624,-2.6047258472942794,2.298350128818945
*Oc1cc2c(cc1O*)C1(C(C)C)c3cc4c(cc3C2(C(C)C)c2cc3cc5c(cc3cc21)C(C)(C)CCC5(C)C)Oc1c(c(C(F)(F)F)c(*)c(*)c1C(=O)c1ccc([Si](C)(C)C)cc1)O4,161.4996844193924,2.813733647234627,-2.6891644490012667,2.298350128818945
*Oc1cc2c(cc1O*)C1(c3cc4c(cc3-c3cc5c(cc31)C(C)(C)CCC5(C)C)Oc1c(c(C(=O)c3ccc([Si](C)(C)C)cc3)c(*)c(*)c1C(F)(F)F)O4)c1cc3c(cc1-2)C(C)(C)CCC3(C)C,170.9485062098425,2.409772582332873,-2.7526720336322414,2.298350128818945
